[INFO] Scanning for projects...
[INFO] 
[INFO] ------------------------< com.fern:api-gateway >------------------------
[INFO] Building api-gateway 1.0-SNAPSHOT
[INFO]   from pom.xml
[INFO] --------------------------------[ jar ]---------------------------------
[INFO] 
[INFO] >>> spring-boot:3.5.8:run (default-cli) > test-compile @ api-gateway >>>
[INFO] 
[INFO] --- resources:3.3.1:resources (default-resources) @ api-gateway ---
[INFO] Copying 1 resource from src/main/resources to target/classes
[INFO] Copying 1 resource from src/main/resources to target/classes
[INFO] 
[INFO] --- compiler:3.14.1:compile (default-compile) @ api-gateway ---
[INFO] Nothing to compile - all classes are up to date.
[INFO] 
[INFO] --- resources:3.3.1:testResources (default-testResources) @ api-gateway ---
[INFO] skip non existing resourceDirectory /Users/nguyenhien/Documents/FERN/backend/services/api-gateway/src/test/resources
[INFO] 
[INFO] --- compiler:3.14.1:testCompile (default-testCompile) @ api-gateway ---
[INFO] Nothing to compile - all classes are up to date.
[INFO] 
[INFO] <<< spring-boot:3.5.8:run (default-cli) < test-compile @ api-gateway <<<
[INFO] 
[INFO] 
[INFO] --- spring-boot:3.5.8:run (default-cli) @ api-gateway ---
[INFO] Attaching agents: []

  .   ____          _            __ _ _
 /\\ / ___'_ __ _ _(_)_ __  __ _ \ \ \ \
( ( )\___ | '_ | '_| | '_ \/ _` | \ \ \ \
 \\/  ___)| |_)| | | | | || (_| |  ) ) ) )
  '  |____| .__|_| |_|_| |_\__, | / / / /
 =========|_|==============|___/=/_/_/_/

 :: Spring Boot ::                (v3.5.8)

2026-04-01T13:32:58.111+07:00  INFO 87229 --- [api-gateway] [           main] c.fern.apigateway.ApiGatewayApplication  : Starting ApiGatewayApplication using Java 24.0.2 with PID 87229 (/Users/nguyenhien/Documents/FERN/backend/services/api-gateway/target/classes started by nguyenhien in /Users/nguyenhien/Documents/FERN/backend/services/api-gateway)
2026-04-01T13:32:58.112+07:00  INFO 87229 --- [api-gateway] [           main] c.fern.apigateway.ApiGatewayApplication  : The following 1 profile is active: "local"
2026-04-01T13:32:59.072+07:00  INFO 87229 --- [api-gateway] [           main] .s.d.r.c.RepositoryConfigurationDelegate : Multiple Spring Data modules found, entering strict repository configuration mode
2026-04-01T13:32:59.073+07:00  INFO 87229 --- [api-gateway] [           main] .s.d.r.c.RepositoryConfigurationDelegate : Bootstrapping Spring Data Redis repositories in DEFAULT mode.
2026-04-01T13:32:59.156+07:00  INFO 87229 --- [api-gateway] [           main] .s.d.r.c.RepositoryConfigurationDelegate : Finished Spring Data repository scanning in 10 ms. Found 0 Redis repository interfaces.
2026-04-01T13:32:59.307+07:00  INFO 87229 --- [api-gateway] [           main] o.s.cloud.context.scope.GenericScope     : BeanFactory id=d01ddfb7-9715-34cd-bc3d-a6bf09c80487
WARNING: A terminally deprecated method in sun.misc.Unsafe has been called
WARNING: sun.misc.Unsafe::allocateMemory has been called by io.netty.util.internal.PlatformDependent0$2 (file:/Users/nguyenhien/.m2/repository/io/netty/netty-common/4.1.128.Final/netty-common-4.1.128.Final.jar)
WARNING: Please consider reporting this to the maintainers of class io.netty.util.internal.PlatformDependent0$2
WARNING: sun.misc.Unsafe::allocateMemory will be removed in a future release
2026-04-01T13:32:59.808+07:00  INFO 87229 --- [api-gateway] [           main] com.zaxxer.hikari.HikariDataSource       : HikariPool-1 - Starting...
2026-04-01T13:32:59.956+07:00  INFO 87229 --- [api-gateway] [           main] com.zaxxer.hikari.pool.HikariPool        : HikariPool-1 - Added connection org.postgresql.jdbc.PgConnection@74ebd159
2026-04-01T13:32:59.959+07:00  INFO 87229 --- [api-gateway] [           main] com.zaxxer.hikari.HikariDataSource       : HikariPool-1 - Start completed.
2026-04-01T13:32:59.989+07:00  INFO 87229 --- [api-gateway] [           main] org.flywaydb.core.FlywayExecutor         : Database: jdbc:postgresql://127.0.0.1:55432/fern_master?currentSchema=gateway (PostgreSQL 17.9)
2026-04-01T13:33:00.083+07:00  INFO 87229 --- [api-gateway] [           main] o.f.core.internal.command.DbValidate     : Successfully validated 2 migrations (execution time 00:00.043s)
2026-04-01T13:33:00.131+07:00  INFO 87229 --- [api-gateway] [           main] o.f.core.internal.command.DbMigrate      : Current version of schema "gateway": 1
2026-04-01T13:33:00.138+07:00  INFO 87229 --- [api-gateway] [           main] o.f.core.internal.command.DbMigrate      : Schema "gateway" is up to date. No migration necessary.
WARNING: A restricted method in java.lang.System has been called
WARNING: java.lang.System::loadLibrary has been called by io.netty.util.internal.NativeLibraryUtil in an unnamed module (file:/Users/nguyenhien/.m2/repository/io/netty/netty-common/4.1.128.Final/netty-common-4.1.128.Final.jar)
WARNING: Use --enable-native-access=ALL-UNNAMED to avoid a warning for callers in this module
WARNING: Restricted methods will be blocked in a future release unless native access is enabled

2026-04-01T13:33:00.348+07:00 ERROR 87229 --- [api-gateway] [           main] i.n.r.d.DnsServerAddressStreamProviders  : Unable to load io.netty.resolver.dns.macos.MacOSDnsServerAddressStreamProvider, fallback to system defaults. This may result in incorrect DNS resolutions on MacOS. Check whether you have a dependency on 'io.netty:netty-resolver-dns-native-macos'. Use DEBUG level to see the full stack: java.lang.UnsatisfiedLinkError: failed to load the required native library
2026-04-01T13:33:00.495+07:00  WARN 87229 --- [api-gateway] [           main] c.f.a.config.GatewayRoutesProperties     : Inter-service routes use HTTP — ensure HTTPS in production
2026-04-01T13:33:00.816+07:00  INFO 87229 --- [api-gateway] [           main] o.s.c.g.r.RouteDefinitionRouteLocator    : Loaded RoutePredicateFactory [After]
2026-04-01T13:33:00.816+07:00  INFO 87229 --- [api-gateway] [           main] o.s.c.g.r.RouteDefinitionRouteLocator    : Loaded RoutePredicateFactory [Before]
2026-04-01T13:33:00.816+07:00  INFO 87229 --- [api-gateway] [           main] o.s.c.g.r.RouteDefinitionRouteLocator    : Loaded RoutePredicateFactory [Between]
2026-04-01T13:33:00.816+07:00  INFO 87229 --- [api-gateway] [           main] o.s.c.g.r.RouteDefinitionRouteLocator    : Loaded RoutePredicateFactory [Cookie]
2026-04-01T13:33:00.816+07:00  INFO 87229 --- [api-gateway] [           main] o.s.c.g.r.RouteDefinitionRouteLocator    : Loaded RoutePredicateFactory [Header]
2026-04-01T13:33:00.816+07:00  INFO 87229 --- [api-gateway] [           main] o.s.c.g.r.RouteDefinitionRouteLocator    : Loaded RoutePredicateFactory [Host]
2026-04-01T13:33:00.817+07:00  INFO 87229 --- [api-gateway] [           main] o.s.c.g.r.RouteDefinitionRouteLocator    : Loaded RoutePredicateFactory [Method]
2026-04-01T13:33:00.817+07:00  INFO 87229 --- [api-gateway] [           main] o.s.c.g.r.RouteDefinitionRouteLocator    : Loaded RoutePredicateFactory [Path]
2026-04-01T13:33:00.817+07:00  INFO 87229 --- [api-gateway] [           main] o.s.c.g.r.RouteDefinitionRouteLocator    : Loaded RoutePredicateFactory [Query]
2026-04-01T13:33:00.817+07:00  INFO 87229 --- [api-gateway] [           main] o.s.c.g.r.RouteDefinitionRouteLocator    : Loaded RoutePredicateFactory [ReadBody]
2026-04-01T13:33:00.817+07:00  INFO 87229 --- [api-gateway] [           main] o.s.c.g.r.RouteDefinitionRouteLocator    : Loaded RoutePredicateFactory [RemoteAddr]
2026-04-01T13:33:00.817+07:00  INFO 87229 --- [api-gateway] [           main] o.s.c.g.r.RouteDefinitionRouteLocator    : Loaded RoutePredicateFactory [XForwardedRemoteAddr]
2026-04-01T13:33:00.817+07:00  INFO 87229 --- [api-gateway] [           main] o.s.c.g.r.RouteDefinitionRouteLocator    : Loaded RoutePredicateFactory [Weight]
2026-04-01T13:33:00.817+07:00  INFO 87229 --- [api-gateway] [           main] o.s.c.g.r.RouteDefinitionRouteLocator    : Loaded RoutePredicateFactory [CloudFoundryRouteService]
2026-04-01T13:33:00.986+07:00  INFO 87229 --- [api-gateway] [           main] o.s.b.a.e.web.EndpointLinksResolver      : Exposing 4 endpoints beneath base path '/actuator'
2026-04-01T13:33:01.280+07:00  INFO 87229 --- [api-gateway] [           main] o.s.b.web.embedded.netty.NettyWebServer  : Netty started on port 8080 (http)
2026-04-01T13:33:01.314+07:00  INFO 87229 --- [api-gateway] [           main] c.fern.apigateway.ApiGatewayApplication  : Started ApiGatewayApplication in 3.655 seconds (process running for 4.139)
2026-04-01T13:34:23.598+07:00  INFO 87229 --- [api-gateway] [ctor-http-nio-2] c.f.a.security.GatewayLoggingFilter      : gateway_request method=POST path=/auth/refresh status=200 OK durationMs=467
2026-04-01T13:34:26.511+07:00  INFO 87229 --- [api-gateway] [   scheduling-1] o.a.k.clients.producer.ProducerConfig    : ProducerConfig values: 
	acks = -1
	auto.include.jmx.reporter = true
	batch.size = 16384
	bootstrap.servers = [localhost:9092]
	buffer.memory = 33554432
	client.dns.lookup = use_all_dns_ips
	client.id = api-gateway-producer-1
	compression.gzip.level = -1
	compression.lz4.level = 9
	compression.type = none
	compression.zstd.level = 3
	connections.max.idle.ms = 540000
	delivery.timeout.ms = 120000
	enable.idempotence = true
	enable.metrics.push = true
	interceptor.classes = []
	key.serializer = class org.apache.kafka.common.serialization.StringSerializer
	linger.ms = 0
	max.block.ms = 60000
	max.in.flight.requests.per.connection = 5
	max.request.size = 1048576
	metadata.max.age.ms = 300000
	metadata.max.idle.ms = 300000
	metadata.recovery.strategy = none
	metric.reporters = []
	metrics.num.samples = 2
	metrics.recording.level = INFO
	metrics.sample.window.ms = 30000
	partitioner.adaptive.partitioning.enable = true
	partitioner.availability.timeout.ms = 0
	partitioner.class = null
	partitioner.ignore.keys = false
	receive.buffer.bytes = 32768
	reconnect.backoff.max.ms = 1000
	reconnect.backoff.ms = 50
	request.timeout.ms = 30000
	retries = 2147483647
	retry.backoff.max.ms = 1000
	retry.backoff.ms = 100
	sasl.client.callback.handler.class = null
	sasl.jaas.config = null
	sasl.kerberos.kinit.cmd = /usr/bin/kinit
	sasl.kerberos.min.time.before.relogin = 60000
	sasl.kerberos.service.name = null
	sasl.kerberos.ticket.renew.jitter = 0.05
	sasl.kerberos.ticket.renew.window.factor = 0.8
	sasl.login.callback.handler.class = null
	sasl.login.class = null
	sasl.login.connect.timeout.ms = null
	sasl.login.read.timeout.ms = null
	sasl.login.refresh.buffer.seconds = 300
	sasl.login.refresh.min.period.seconds = 60
	sasl.login.refresh.window.factor = 0.8
	sasl.login.refresh.window.jitter = 0.05
	sasl.login.retry.backoff.max.ms = 10000
	sasl.login.retry.backoff.ms = 100
	sasl.mechanism = GSSAPI
	sasl.oauthbearer.clock.skew.seconds = 30
	sasl.oauthbearer.expected.audience = null
	sasl.oauthbearer.expected.issuer = null
	sasl.oauthbearer.header.urlencode = false
	sasl.oauthbearer.jwks.endpoint.refresh.ms = 3600000
	sasl.oauthbearer.jwks.endpoint.retry.backoff.max.ms = 10000
	sasl.oauthbearer.jwks.endpoint.retry.backoff.ms = 100
	sasl.oauthbearer.jwks.endpoint.url = null
	sasl.oauthbearer.scope.claim.name = scope
	sasl.oauthbearer.sub.claim.name = sub
	sasl.oauthbearer.token.endpoint.url = null
	security.protocol = PLAINTEXT
	security.providers = null
	send.buffer.bytes = 131072
	socket.connection.setup.timeout.max.ms = 30000
	socket.connection.setup.timeout.ms = 10000
	ssl.cipher.suites = null
	ssl.enabled.protocols = [TLSv1.2, TLSv1.3]
	ssl.endpoint.identification.algorithm = https
	ssl.engine.factory.class = null
	ssl.key.password = null
	ssl.keymanager.algorithm = SunX509
	ssl.keystore.certificate.chain = null
	ssl.keystore.key = null
	ssl.keystore.location = null
	ssl.keystore.password = null
	ssl.keystore.type = JKS
	ssl.protocol = TLSv1.3
	ssl.provider = null
	ssl.secure.random.implementation = null
	ssl.trustmanager.algorithm = PKIX
	ssl.truststore.certificates = null
	ssl.truststore.location = null
	ssl.truststore.password = null
	ssl.truststore.type = JKS
	transaction.timeout.ms = 60000
	transactional.id = null
	value.serializer = class org.apache.kafka.common.serialization.StringSerializer

2026-04-01T13:34:26.528+07:00  INFO 87229 --- [api-gateway] [   scheduling-1] o.a.k.c.t.i.KafkaMetricsCollector        : initializing Kafka metrics collector
2026-04-01T13:34:26.568+07:00  INFO 87229 --- [api-gateway] [   scheduling-1] o.a.k.clients.producer.KafkaProducer     : [Producer clientId=api-gateway-producer-1] Instantiated an idempotent producer.
2026-04-01T13:34:26.584+07:00  INFO 87229 --- [api-gateway] [   scheduling-1] o.a.kafka.common.utils.AppInfoParser     : Kafka version: 3.9.1
2026-04-01T13:34:26.584+07:00  INFO 87229 --- [api-gateway] [   scheduling-1] o.a.kafka.common.utils.AppInfoParser     : Kafka commitId: f745dfdcee2b9851
2026-04-01T13:34:26.584+07:00  INFO 87229 --- [api-gateway] [   scheduling-1] o.a.kafka.common.utils.AppInfoParser     : Kafka startTimeMs: 1775025266584
2026-04-01T13:34:26.701+07:00  INFO 87229 --- [api-gateway] [eway-producer-1] org.apache.kafka.clients.Metadata        : [Producer clientId=api-gateway-producer-1] Cluster ID: 5L6g3nShT-eMCtK--X86sw
2026-04-01T13:34:26.701+07:00  INFO 87229 --- [api-gateway] [eway-producer-1] o.a.k.c.p.internals.TransactionManager   : [Producer clientId=api-gateway-producer-1] ProducerId set to 42 with epoch 0
2026-04-01T13:34:32.575+07:00  INFO 87229 --- [api-gateway] [ctor-http-nio-5] c.f.a.security.GatewayLoggingFilter      : gateway_request method=GET path=/products status=200 OK durationMs=350
2026-04-01T13:34:32.575+07:00  INFO 87229 --- [api-gateway] [ctor-http-nio-6] c.f.a.security.GatewayLoggingFilter      : gateway_request method=GET path=/product-categories status=200 OK durationMs=350
2026-04-01T13:34:36.991+07:00  INFO 87229 --- [api-gateway] [ctor-http-nio-9] c.f.a.security.GatewayLoggingFilter      : gateway_request method=GET path=/users/30 status=200 OK durationMs=46
2026-04-01T13:34:36.991+07:00  INFO 87229 --- [api-gateway] [tor-http-nio-12] c.f.a.security.GatewayLoggingFilter      : gateway_request method=GET path=/users/30/permission-overrides status=200 OK durationMs=42
2026-04-01T13:34:36.991+07:00  INFO 87229 --- [api-gateway] [tor-http-nio-11] c.f.a.security.GatewayLoggingFilter      : gateway_request method=GET path=/permissions status=200 OK durationMs=44
2026-04-01T13:34:37.003+07:00  INFO 87229 --- [api-gateway] [ctor-http-nio-1] c.f.a.security.GatewayLoggingFilter      : gateway_request method=GET path=/users/30/effective-access status=200 OK durationMs=56
2026-04-01T13:34:37.017+07:00  INFO 87229 --- [api-gateway] [tor-http-nio-10] c.f.a.security.GatewayLoggingFilter      : gateway_request method=GET path=/roles status=200 OK durationMs=71
2026-04-01T13:35:28.184+07:00  INFO 87229 --- [api-gateway] [ctor-http-nio-6] c.f.a.security.GatewayLoggingFilter      : gateway_request method=GET path=/audit/events status=200 OK durationMs=270
2026-04-01T13:35:32.877+07:00  INFO 87229 --- [api-gateway] [ctor-http-nio-8] c.f.a.security.GatewayLoggingFilter      : gateway_request method=GET path=/suppliers status=200 OK durationMs=251
2026-04-01T13:35:50.620+07:00  INFO 87229 --- [api-gateway] [tor-http-nio-10] c.f.a.security.GatewayLoggingFilter      : gateway_request method=POST path=/reports/exports status=400 BAD_REQUEST durationMs=271
2026-04-01T13:35:56.523+07:00  INFO 87229 --- [api-gateway] [tor-http-nio-12] c.f.a.security.GatewayLoggingFilter      : gateway_request method=POST path=/reports/exports status=400 BAD_REQUEST durationMs=14
2026-04-01T13:37:44.252+07:00  INFO 87229 --- [api-gateway] [oundedElastic-4] c.f.a.security.GatewayLoggingFilter      : gateway_request method=GET path=/product-categories status=401 UNAUTHORIZED durationMs=26
2026-04-01T13:37:44.252+07:00  INFO 87229 --- [api-gateway] [oundedElastic-5] c.f.a.security.GatewayLoggingFilter      : gateway_request method=GET path=/products status=401 UNAUTHORIZED durationMs=26
2026-04-01T13:37:44.344+07:00  INFO 87229 --- [api-gateway] [ctor-http-nio-3] c.f.a.security.GatewayLoggingFilter      : gateway_request method=POST path=/auth/refresh status=200 OK durationMs=81
2026-04-01T13:37:44.344+07:00  INFO 87229 --- [api-gateway] [ctor-http-nio-2] c.f.a.security.GatewayLoggingFilter      : gateway_request method=POST path=/auth/refresh status=200 OK durationMs=83
2026-04-01T13:37:44.381+07:00  INFO 87229 --- [api-gateway] [ctor-http-nio-3] c.f.a.security.GatewayLoggingFilter      : gateway_request method=GET path=/product-categories status=200 OK durationMs=18
2026-04-01T13:37:44.381+07:00  INFO 87229 --- [api-gateway] [ctor-http-nio-2] c.f.a.security.GatewayLoggingFilter      : gateway_request method=GET path=/products status=200 OK durationMs=25
2026-04-01T13:38:37.114+07:00  INFO 87229 --- [api-gateway] [oundedElastic-7] c.f.a.security.GatewayLoggingFilter      : gateway_request method=GET path=/outlets/3 status=401 UNAUTHORIZED durationMs=6
2026-04-01T13:38:37.298+07:00  INFO 87229 --- [api-gateway] [ctor-http-nio-8] c.f.a.security.GatewayLoggingFilter      : gateway_request method=POST path=/auth/refresh status=200 OK durationMs=179
2026-04-01T13:38:37.319+07:00  INFO 87229 --- [api-gateway] [ctor-http-nio-8] c.f.a.security.GatewayLoggingFilter      : gateway_request method=GET path=/outlets/3 status=403 FORBIDDEN durationMs=14
2026-04-01T13:38:38.719+07:00  INFO 87229 --- [api-gateway] [ctor-http-nio-8] c.f.a.security.GatewayLoggingFilter      : gateway_request method=POST path=/auth/logout status=204 NO_CONTENT durationMs=41
2026-04-01T13:39:07.173+07:00  INFO 87229 --- [api-gateway] [tor-http-nio-10] c.f.a.security.GatewayLoggingFilter      : gateway_request method=POST path=/auth/login status=200 OK durationMs=166
2026-04-01T13:39:07.257+07:00  INFO 87229 --- [api-gateway] [tor-http-nio-10] c.f.a.security.GatewayLoggingFilter      : gateway_request method=GET path=/outlets/3 status=200 OK durationMs=45
2026-04-01T13:39:07.257+07:00  INFO 87229 --- [api-gateway] [tor-http-nio-11] c.f.a.security.GatewayLoggingFilter      : gateway_request method=GET path=/outlets/3 status=200 OK durationMs=44
2026-04-01T13:39:14.223+07:00  INFO 87229 --- [api-gateway] [ctor-http-nio-1] c.f.a.security.GatewayLoggingFilter      : gateway_request method=GET path=/products status=200 OK durationMs=25
2026-04-01T13:39:14.223+07:00  INFO 87229 --- [api-gateway] [ctor-http-nio-2] c.f.a.security.GatewayLoggingFilter      : gateway_request method=GET path=/product-categories status=200 OK durationMs=25
2026-04-01T13:39:18.835+07:00  INFO 87229 --- [api-gateway] [ctor-http-nio-5] c.f.a.security.GatewayLoggingFilter      : gateway_request method=GET path=/audit/events status=200 OK durationMs=38
2026-04-01T13:39:27.681+07:00  INFO 87229 --- [api-gateway] [ctor-http-nio-7] c.f.a.security.GatewayLoggingFilter      : gateway_request method=GET path=/payroll-runs status=200 OK durationMs=270
2026-04-01T13:39:34.115+07:00  INFO 87229 --- [api-gateway] [ctor-http-nio-9] c.f.a.security.GatewayLoggingFilter      : gateway_request method=GET path=/suppliers status=200 OK durationMs=34
2026-04-01T13:40:41.469+07:00  INFO 87229 --- [api-gateway] [tor-http-nio-11] c.f.a.security.GatewayLoggingFilter      : gateway_request method=GET path=/products status=200 OK durationMs=24
2026-04-01T13:40:41.469+07:00  INFO 87229 --- [api-gateway] [tor-http-nio-12] c.f.a.security.GatewayLoggingFilter      : gateway_request method=GET path=/product-categories status=200 OK durationMs=24
2026-04-01T13:44:21.605+07:00  WARN 87229 --- [api-gateway] [l-1:housekeeper] com.zaxxer.hikari.pool.HikariPool        : HikariPool-1 - Thread starvation or clock leap detected (housekeeper delta=2m44s326ms).
2026-04-01T13:47:57.462+07:00  INFO 87229 --- [api-gateway] [ctor-http-nio-3] c.f.a.security.GatewayLoggingFilter      : gateway_request method=GET path=/products status=200 OK durationMs=75
2026-04-01T13:48:07.544+07:00  WARN 87229 --- [api-gateway] [l-1:housekeeper] com.zaxxer.hikari.pool.HikariPool        : HikariPool-1 - Thread starvation or clock leap detected (housekeeper delta=3m45s939ms).
2026-04-01T13:49:24.279+07:00  WARN 87229 --- [api-gateway] [l-1:housekeeper] com.zaxxer.hikari.pool.HikariPool        : HikariPool-1 - Thread starvation or clock leap detected (housekeeper delta=46s733ms).
2026-04-01T14:00:57.949+07:00  INFO 87229 --- [api-gateway] [ctor-http-nio-5] c.f.a.security.GatewayLoggingFilter      : gateway_request method=POST path=/auth/refresh status=200 OK durationMs=270
2026-04-01T14:01:10.680+07:00  WARN 87229 --- [api-gateway] [l-1:housekeeper] com.zaxxer.hikari.pool.HikariPool        : HikariPool-1 - Thread starvation or clock leap detected (housekeeper delta=11m46s401ms).
2026-04-01T14:01:21.904+07:00  INFO 87229 --- [api-gateway] [ctor-http-nio-7] c.f.a.security.GatewayLoggingFilter      : gateway_request method=GET path=/products status=200 OK durationMs=166
2026-04-01T14:01:21.904+07:00  INFO 87229 --- [api-gateway] [ctor-http-nio-8] c.f.a.security.GatewayLoggingFilter      : gateway_request method=GET path=/product-categories status=200 OK durationMs=166
2026-04-01T14:10:52.385+07:00  INFO 87229 --- [api-gateway] [tor-http-nio-11] c.f.a.security.GatewayLoggingFilter      : gateway_request method=GET path=/outlets status=500 INTERNAL_SERVER_ERROR durationMs=25
2026-04-01T14:10:52.481+07:00  INFO 87229 --- [api-gateway] [ctor-http-nio-1] c.f.a.security.GatewayLoggingFilter      : gateway_request method=POST path=/products status=200 OK durationMs=94
2026-04-01T14:10:52.517+07:00  INFO 87229 --- [api-gateway] [ctor-http-nio-3] c.f.a.security.GatewayLoggingFilter      : gateway_request method=POST path=/tax-rates status=200 OK durationMs=34
2026-04-01T14:10:52.542+07:00  INFO 87229 --- [api-gateway] [ctor-http-nio-4] c.f.a.security.GatewayLoggingFilter      : gateway_request method=POST path=/product-prices status=200 OK durationMs=23
2026-04-01T14:10:52.560+07:00  INFO 87229 --- [api-gateway] [ctor-http-nio-5] c.f.a.security.GatewayLoggingFilter      : gateway_request method=POST path=/products status=200 OK durationMs=16
2026-04-01T14:10:52.573+07:00  INFO 87229 --- [api-gateway] [ctor-http-nio-6] c.f.a.security.GatewayLoggingFilter      : gateway_request method=POST path=/tax-rates status=200 OK durationMs=11
2026-04-01T14:10:52.587+07:00  INFO 87229 --- [api-gateway] [ctor-http-nio-7] c.f.a.security.GatewayLoggingFilter      : gateway_request method=POST path=/product-prices status=200 OK durationMs=12
2026-04-01T14:10:52.621+07:00  INFO 87229 --- [api-gateway] [ctor-http-nio-8] c.f.a.security.GatewayLoggingFilter      : gateway_request method=POST path=/products status=200 OK durationMs=32
2026-04-01T14:10:52.651+07:00  INFO 87229 --- [api-gateway] [ctor-http-nio-9] c.f.a.security.GatewayLoggingFilter      : gateway_request method=POST path=/tax-rates status=200 OK durationMs=27
2026-04-01T14:10:52.667+07:00  INFO 87229 --- [api-gateway] [tor-http-nio-10] c.f.a.security.GatewayLoggingFilter      : gateway_request method=POST path=/product-prices status=200 OK durationMs=14
2026-04-01T14:10:52.683+07:00  INFO 87229 --- [api-gateway] [tor-http-nio-11] c.f.a.security.GatewayLoggingFilter      : gateway_request method=POST path=/products status=200 OK durationMs=14
2026-04-01T14:10:52.695+07:00  INFO 87229 --- [api-gateway] [tor-http-nio-12] c.f.a.security.GatewayLoggingFilter      : gateway_request method=POST path=/tax-rates status=200 OK durationMs=11
2026-04-01T14:10:52.712+07:00  INFO 87229 --- [api-gateway] [ctor-http-nio-1] c.f.a.security.GatewayLoggingFilter      : gateway_request method=POST path=/product-prices status=200 OK durationMs=15
2026-04-01T14:10:52.729+07:00  INFO 87229 --- [api-gateway] [ctor-http-nio-2] c.f.a.security.GatewayLoggingFilter      : gateway_request method=POST path=/products status=200 OK durationMs=15
2026-04-01T14:10:52.742+07:00  INFO 87229 --- [api-gateway] [ctor-http-nio-3] c.f.a.security.GatewayLoggingFilter      : gateway_request method=POST path=/tax-rates status=200 OK durationMs=11
2026-04-01T14:10:52.756+07:00  INFO 87229 --- [api-gateway] [ctor-http-nio-4] c.f.a.security.GatewayLoggingFilter      : gateway_request method=POST path=/product-prices status=200 OK durationMs=13
2026-04-01T14:18:02.126+07:00  INFO 87229 --- [api-gateway] [undedElastic-12] c.f.a.security.GatewayLoggingFilter      : gateway_request method=POST path=/auth/logout status=401 UNAUTHORIZED durationMs=8
2026-04-01T14:18:02.177+07:00  INFO 87229 --- [api-gateway] [ctor-http-nio-5] c.f.a.security.GatewayLoggingFilter      : gateway_request method=POST path=/auth/refresh status=200 OK durationMs=45
2026-04-01T14:18:02.208+07:00  INFO 87229 --- [api-gateway] [ctor-http-nio-5] c.f.a.security.GatewayLoggingFilter      : gateway_request method=POST path=/auth/logout status=204 NO_CONTENT durationMs=17
2026-04-01T14:19:26.233+07:00  INFO 87229 --- [api-gateway] [ctor-http-nio-7] c.f.a.security.GatewayLoggingFilter      : gateway_request method=POST path=/auth/login status=401 UNAUTHORIZED durationMs=103
2026-04-01T14:19:48.369+07:00  INFO 87229 --- [api-gateway] [ctor-http-nio-9] c.f.a.security.GatewayLoggingFilter      : gateway_request method=POST path=/auth/login status=200 OK durationMs=123
2026-04-01T14:19:48.396+07:00  INFO 87229 --- [api-gateway] [ctor-http-nio-9] c.f.a.security.GatewayLoggingFilter      : gateway_request method=GET path=/outlets/3 status=403 FORBIDDEN durationMs=9
2026-04-01T14:19:52.588+07:00  INFO 87229 --- [api-gateway] [ctor-http-nio-9] c.f.a.security.GatewayLoggingFilter      : gateway_request method=GET path=/pos-sessions status=200 OK durationMs=264
2026-04-01T14:19:52.622+07:00  INFO 87229 --- [api-gateway] [tor-http-nio-12] c.f.a.security.GatewayLoggingFilter      : gateway_request method=GET path=/product-prices status=403 FORBIDDEN durationMs=23
2026-04-01T14:19:52.622+07:00  INFO 87229 --- [api-gateway] [ctor-http-nio-9] c.f.a.security.GatewayLoggingFilter      : gateway_request method=GET path=/products status=403 FORBIDDEN durationMs=24
2026-04-01T14:19:52.622+07:00  INFO 87229 --- [api-gateway] [ctor-http-nio-1] c.f.a.security.GatewayLoggingFilter      : gateway_request method=GET path=/product-availability status=403 FORBIDDEN durationMs=23
2026-04-01T14:19:59.984+07:00  INFO 87229 --- [api-gateway] [ctor-http-nio-6] c.f.a.security.GatewayLoggingFilter      : gateway_request method=GET path=/product-categories status=403 FORBIDDEN durationMs=11
2026-04-01T14:19:59.984+07:00  INFO 87229 --- [api-gateway] [ctor-http-nio-5] c.f.a.security.GatewayLoggingFilter      : gateway_request method=GET path=/products status=403 FORBIDDEN durationMs=11
2026-04-01T14:20:02.228+07:00  INFO 87229 --- [api-gateway] [ctor-http-nio-5] c.f.a.security.GatewayLoggingFilter      : gateway_request method=GET path=/products status=403 FORBIDDEN durationMs=11
2026-04-01T14:20:02.728+07:00  INFO 87229 --- [api-gateway] [ctor-http-nio-5] c.f.a.security.GatewayLoggingFilter      : gateway_request method=GET path=/products status=403 FORBIDDEN durationMs=15
2026-04-01T14:20:02.939+07:00  INFO 87229 --- [api-gateway] [ctor-http-nio-5] c.f.a.security.GatewayLoggingFilter      : gateway_request method=GET path=/products status=403 FORBIDDEN durationMs=14
2026-04-01T14:20:04.711+07:00  INFO 87229 --- [api-gateway] [ctor-http-nio-5] c.f.a.security.GatewayLoggingFilter      : gateway_request method=GET path=/outlets/3 status=403 FORBIDDEN durationMs=16
2026-04-01T14:20:05.026+07:00  INFO 87229 --- [api-gateway] [ctor-http-nio-5] c.f.a.security.GatewayLoggingFilter      : gateway_request method=GET path=/products status=403 FORBIDDEN durationMs=11
2026-04-01T14:20:05.026+07:00  INFO 87229 --- [api-gateway] [ctor-http-nio-7] c.f.a.security.GatewayLoggingFilter      : gateway_request method=GET path=/product-categories status=403 FORBIDDEN durationMs=9
2026-04-01T14:20:51.561+07:00  INFO 87229 --- [api-gateway] [ctor-http-nio-8] c.f.a.security.GatewayLoggingFilter      : gateway_request method=GET path=/products status=403 FORBIDDEN durationMs=10
2026-04-01T14:20:52.553+07:00  INFO 87229 --- [api-gateway] [ctor-http-nio-8] c.f.a.security.GatewayLoggingFilter      : gateway_request method=POST path=/auth/logout status=204 NO_CONTENT durationMs=27
2026-04-01T14:21:19.114+07:00  INFO 87229 --- [api-gateway] [tor-http-nio-10] c.f.a.security.GatewayLoggingFilter      : gateway_request method=POST path=/auth/login status=200 OK durationMs=113
2026-04-01T14:21:19.145+07:00  INFO 87229 --- [api-gateway] [tor-http-nio-10] c.f.a.security.GatewayLoggingFilter      : gateway_request method=GET path=/outlets/3 status=403 FORBIDDEN durationMs=7
2026-04-01T14:21:23.350+07:00  INFO 87229 --- [api-gateway] [tor-http-nio-12] c.f.a.security.GatewayLoggingFilter      : gateway_request method=GET path=/pos-sessions status=200 OK durationMs=15
2026-04-01T14:21:23.363+07:00  INFO 87229 --- [api-gateway] [tor-http-nio-12] c.f.a.security.GatewayLoggingFilter      : gateway_request method=GET path=/products status=403 FORBIDDEN durationMs=8
2026-04-01T14:21:23.363+07:00  INFO 87229 --- [api-gateway] [ctor-http-nio-2] c.f.a.security.GatewayLoggingFilter      : gateway_request method=GET path=/product-prices status=403 FORBIDDEN durationMs=8
2026-04-01T14:21:23.364+07:00  INFO 87229 --- [api-gateway] [ctor-http-nio-3] c.f.a.security.GatewayLoggingFilter      : gateway_request method=GET path=/product-availability status=403 FORBIDDEN durationMs=7
2026-04-01T14:21:33.177+07:00  INFO 87229 --- [api-gateway] [ctor-http-nio-6] c.f.a.security.GatewayLoggingFilter      : gateway_request method=GET path=/products status=403 FORBIDDEN durationMs=10
2026-04-01T14:21:33.177+07:00  INFO 87229 --- [api-gateway] [ctor-http-nio-7] c.f.a.security.GatewayLoggingFilter      : gateway_request method=GET path=/product-categories status=403 FORBIDDEN durationMs=9
2026-04-01T14:21:33.433+07:00  INFO 87229 --- [api-gateway] [ctor-http-nio-7] c.f.a.security.GatewayLoggingFilter      : gateway_request method=GET path=/product-prices status=403 FORBIDDEN durationMs=10
2026-04-01T14:21:33.433+07:00  INFO 87229 --- [api-gateway] [ctor-http-nio-6] c.f.a.security.GatewayLoggingFilter      : gateway_request method=GET path=/products status=403 FORBIDDEN durationMs=11
2026-04-01T14:21:33.433+07:00  INFO 87229 --- [api-gateway] [ctor-http-nio-8] c.f.a.security.GatewayLoggingFilter      : gateway_request method=GET path=/product-availability status=403 FORBIDDEN durationMs=9
2026-04-01T14:21:36.510+07:00  INFO 87229 --- [api-gateway] [ctor-http-nio-7] c.f.a.security.GatewayLoggingFilter      : gateway_request method=GET path=/product-prices status=403 FORBIDDEN durationMs=11
2026-04-01T14:21:36.510+07:00  INFO 87229 --- [api-gateway] [ctor-http-nio-6] c.f.a.security.GatewayLoggingFilter      : gateway_request method=GET path=/products status=403 FORBIDDEN durationMs=11
2026-04-01T14:21:36.511+07:00  INFO 87229 --- [api-gateway] [ctor-http-nio-8] c.f.a.security.GatewayLoggingFilter      : gateway_request method=GET path=/product-availability status=403 FORBIDDEN durationMs=12
2026-04-01T14:21:37.936+07:00  INFO 87229 --- [api-gateway] [ctor-http-nio-7] c.f.a.security.GatewayLoggingFilter      : gateway_request method=GET path=/product-categories status=403 FORBIDDEN durationMs=10
2026-04-01T14:21:37.936+07:00  INFO 87229 --- [api-gateway] [ctor-http-nio-6] c.f.a.security.GatewayLoggingFilter      : gateway_request method=GET path=/products status=403 FORBIDDEN durationMs=10
2026-04-01T14:21:39.663+07:00  INFO 87229 --- [api-gateway] [ctor-http-nio-8] c.f.a.security.GatewayLoggingFilter      : gateway_request method=GET path=/product-availability status=403 FORBIDDEN durationMs=10
2026-04-01T14:21:39.663+07:00  INFO 87229 --- [api-gateway] [ctor-http-nio-6] c.f.a.security.GatewayLoggingFilter      : gateway_request method=GET path=/products status=403 FORBIDDEN durationMs=11
2026-04-01T14:21:39.663+07:00  INFO 87229 --- [api-gateway] [ctor-http-nio-7] c.f.a.security.GatewayLoggingFilter      : gateway_request method=GET path=/product-prices status=403 FORBIDDEN durationMs=10
2026-04-01T14:21:42.835+07:00  INFO 87229 --- [api-gateway] [ctor-http-nio-6] c.f.a.security.GatewayLoggingFilter      : gateway_request method=POST path=/auth/logout status=204 NO_CONTENT durationMs=25
2026-04-01T14:22:00.477+07:00  INFO 87229 --- [api-gateway] [ctor-http-nio-9] c.f.a.security.GatewayLoggingFilter      : gateway_request method=POST path=/auth/login status=200 OK durationMs=113
2026-04-01T14:22:00.509+07:00  INFO 87229 --- [api-gateway] [ctor-http-nio-9] c.f.a.security.GatewayLoggingFilter      : gateway_request method=GET path=/outlets/3 status=403 FORBIDDEN durationMs=6
2026-04-01T14:22:00.509+07:00  INFO 87229 --- [api-gateway] [tor-http-nio-10] c.f.a.security.GatewayLoggingFilter      : gateway_request method=GET path=/outlets/3 status=403 FORBIDDEN durationMs=5
2026-04-01T14:22:06.905+07:00  INFO 87229 --- [api-gateway] [tor-http-nio-12] c.f.a.security.GatewayLoggingFilter      : gateway_request method=POST path=/pos-sessions/7/close status=200 OK durationMs=37
2026-04-01T14:22:06.921+07:00  INFO 87229 --- [api-gateway] [tor-http-nio-12] c.f.a.security.GatewayLoggingFilter      : gateway_request method=GET path=/pos-sessions status=200 OK durationMs=11
2026-04-01T14:22:15.155+07:00  INFO 87229 --- [api-gateway] [ctor-http-nio-1] c.f.a.security.GatewayLoggingFilter      : gateway_request method=POST path=/pos-sessions status=200 OK durationMs=86
2026-04-01T14:22:15.165+07:00  INFO 87229 --- [api-gateway] [ctor-http-nio-1] c.f.a.security.GatewayLoggingFilter      : gateway_request method=GET path=/pos-sessions status=200 OK durationMs=7
2026-04-01T14:23:14.526+07:00  INFO 87229 --- [api-gateway] [ctor-http-nio-2] c.f.a.security.GatewayLoggingFilter      : gateway_request method=GET path=/suppliers status=200 OK durationMs=25
2026-04-01T14:23:22.968+07:00  INFO 87229 --- [api-gateway] [ctor-http-nio-4] c.f.a.security.GatewayLoggingFilter      : gateway_request method=POST path=/purchase-orders status=400 BAD_REQUEST durationMs=90
2026-04-01T14:23:38.228+07:00  INFO 87229 --- [api-gateway] [ctor-http-nio-5] c.f.a.security.GatewayLoggingFilter      : gateway_request method=POST path=/purchase-orders status=200 OK durationMs=83
2026-04-01T14:23:38.257+07:00  INFO 87229 --- [api-gateway] [ctor-http-nio-5] c.f.a.security.GatewayLoggingFilter      : gateway_request method=GET path=/purchase-orders/8 status=200 OK durationMs=11
2026-04-01T14:23:45.382+07:00  INFO 87229 --- [api-gateway] [ctor-http-nio-7] c.f.a.security.GatewayLoggingFilter      : gateway_request method=GET path=/attendance-events status=200 OK durationMs=257
2026-04-01T14:23:46.511+07:00  INFO 87229 --- [api-gateway] [ctor-http-nio-7] c.f.a.security.GatewayLoggingFilter      : gateway_request method=GET path=/stock-balances status=200 OK durationMs=253
2026-04-01T14:24:05.585+07:00  INFO 87229 --- [api-gateway] [tor-http-nio-10] c.f.a.security.GatewayLoggingFilter      : gateway_request method=GET path=/pos-sessions status=200 OK durationMs=18
2026-04-01T14:26:03.904+07:00  INFO 87229 --- [api-gateway] [tor-http-nio-12] c.f.a.security.GatewayLoggingFilter      : gateway_request method=POST path=/pos-sessions/8/close status=200 OK durationMs=20
2026-04-01T14:26:03.920+07:00  INFO 87229 --- [api-gateway] [tor-http-nio-12] c.f.a.security.GatewayLoggingFilter      : gateway_request method=GET path=/pos-sessions status=200 OK durationMs=10
2026-04-01T14:26:04.690+07:00  INFO 87229 --- [api-gateway] [tor-http-nio-12] c.f.a.security.GatewayLoggingFilter      : gateway_request method=POST path=/auth/logout status=204 NO_CONTENT durationMs=38
2026-04-01T14:26:28.171+07:00  INFO 87229 --- [api-gateway] [ctor-http-nio-3] c.f.a.security.GatewayLoggingFilter      : gateway_request method=POST path=/auth/login status=200 OK durationMs=113
2026-04-01T14:26:30.786+07:00  INFO 87229 --- [api-gateway] [ctor-http-nio-3] c.f.a.security.GatewayLoggingFilter      : gateway_request method=POST path=/pos-sessions status=200 OK durationMs=30
2026-04-01T14:26:30.801+07:00  INFO 87229 --- [api-gateway] [ctor-http-nio-3] c.f.a.security.GatewayLoggingFilter      : gateway_request method=GET path=/pos-sessions status=200 OK durationMs=10
2026-04-01T14:26:30.823+07:00  INFO 87229 --- [api-gateway] [ctor-http-nio-5] c.f.a.security.GatewayLoggingFilter      : gateway_request method=GET path=/product-availability status=403 FORBIDDEN durationMs=12
2026-04-01T14:26:30.823+07:00  INFO 87229 --- [api-gateway] [ctor-http-nio-4] c.f.a.security.GatewayLoggingFilter      : gateway_request method=GET path=/product-prices status=403 FORBIDDEN durationMs=12
2026-04-01T14:26:30.823+07:00  INFO 87229 --- [api-gateway] [ctor-http-nio-3] c.f.a.security.GatewayLoggingFilter      : gateway_request method=GET path=/products status=403 FORBIDDEN durationMs=14
2026-04-01T14:26:34.400+07:00  INFO 87229 --- [api-gateway] [ctor-http-nio-3] c.f.a.security.GatewayLoggingFilter      : gateway_request method=GET path=/products status=403 FORBIDDEN durationMs=14
2026-04-01T14:26:34.400+07:00  INFO 87229 --- [api-gateway] [ctor-http-nio-5] c.f.a.security.GatewayLoggingFilter      : gateway_request method=GET path=/product-availability status=403 FORBIDDEN durationMs=13
2026-04-01T14:26:34.400+07:00  INFO 87229 --- [api-gateway] [ctor-http-nio-4] c.f.a.security.GatewayLoggingFilter      : gateway_request method=GET path=/product-prices status=403 FORBIDDEN durationMs=12
2026-04-01T14:26:34.870+07:00  INFO 87229 --- [api-gateway] [ctor-http-nio-4] c.f.a.security.GatewayLoggingFilter      : gateway_request method=GET path=/product-prices status=403 FORBIDDEN durationMs=11
2026-04-01T14:26:34.870+07:00  INFO 87229 --- [api-gateway] [ctor-http-nio-3] c.f.a.security.GatewayLoggingFilter      : gateway_request method=GET path=/products status=403 FORBIDDEN durationMs=11
2026-04-01T14:26:34.870+07:00  INFO 87229 --- [api-gateway] [ctor-http-nio-5] c.f.a.security.GatewayLoggingFilter      : gateway_request method=GET path=/product-availability status=403 FORBIDDEN durationMs=10
2026-04-01T14:26:35.049+07:00  INFO 87229 --- [api-gateway] [ctor-http-nio-5] c.f.a.security.GatewayLoggingFilter      : gateway_request method=GET path=/product-availability status=403 FORBIDDEN durationMs=10
2026-04-01T14:26:35.049+07:00  INFO 87229 --- [api-gateway] [ctor-http-nio-4] c.f.a.security.GatewayLoggingFilter      : gateway_request method=GET path=/product-prices status=403 FORBIDDEN durationMs=11
2026-04-01T14:26:35.050+07:00  INFO 87229 --- [api-gateway] [ctor-http-nio-3] c.f.a.security.GatewayLoggingFilter      : gateway_request method=GET path=/products status=403 FORBIDDEN durationMs=12
2026-04-01T14:26:35.257+07:00  INFO 87229 --- [api-gateway] [ctor-http-nio-4] c.f.a.security.GatewayLoggingFilter      : gateway_request method=GET path=/product-prices status=403 FORBIDDEN durationMs=15
2026-04-01T14:26:35.257+07:00  INFO 87229 --- [api-gateway] [ctor-http-nio-3] c.f.a.security.GatewayLoggingFilter      : gateway_request method=GET path=/products status=403 FORBIDDEN durationMs=15
2026-04-01T14:26:35.257+07:00  INFO 87229 --- [api-gateway] [ctor-http-nio-5] c.f.a.security.GatewayLoggingFilter      : gateway_request method=GET path=/product-availability status=403 FORBIDDEN durationMs=14
2026-04-01T14:36:34.508+07:00  INFO 87229 --- [api-gateway] [ctor-http-nio-9] c.f.a.security.GatewayLoggingFilter      : gateway_request method=GET path=/outlets status=500 INTERNAL_SERVER_ERROR durationMs=23
2026-04-01T14:36:34.567+07:00  INFO 87229 --- [api-gateway] [tor-http-nio-11] c.f.a.security.GatewayLoggingFilter      : gateway_request method=POST path=/units-of-measure status=500 INTERNAL_SERVER_ERROR durationMs=57
2026-04-01T14:36:34.576+07:00  INFO 87229 --- [api-gateway] [ctor-http-nio-1] c.f.a.security.GatewayLoggingFilter      : gateway_request method=POST path=/units-of-measure status=409 CONFLICT durationMs=7
2026-04-01T14:36:34.584+07:00  INFO 87229 --- [api-gateway] [ctor-http-nio-3] c.f.a.security.GatewayLoggingFilter      : gateway_request method=POST path=/units-of-measure status=409 CONFLICT durationMs=6
2026-04-01T14:36:34.595+07:00  INFO 87229 --- [api-gateway] [ctor-http-nio-4] c.f.a.security.GatewayLoggingFilter      : gateway_request method=POST path=/units-of-measure status=200 OK durationMs=9
2026-04-01T14:36:34.607+07:00  INFO 87229 --- [api-gateway] [ctor-http-nio-5] c.f.a.security.GatewayLoggingFilter      : gateway_request method=POST path=/units-of-measure status=200 OK durationMs=10
2026-04-01T14:36:34.622+07:00  INFO 87229 --- [api-gateway] [ctor-http-nio-6] c.f.a.security.GatewayLoggingFilter      : gateway_request method=POST path=/ingredient-categories status=200 OK durationMs=13
2026-04-01T14:36:34.631+07:00  INFO 87229 --- [api-gateway] [ctor-http-nio-7] c.f.a.security.GatewayLoggingFilter      : gateway_request method=POST path=/ingredient-categories status=200 OK durationMs=7
2026-04-01T14:36:34.640+07:00  INFO 87229 --- [api-gateway] [ctor-http-nio-8] c.f.a.security.GatewayLoggingFilter      : gateway_request method=POST path=/ingredient-categories status=200 OK durationMs=7
2026-04-01T14:36:34.648+07:00  INFO 87229 --- [api-gateway] [ctor-http-nio-9] c.f.a.security.GatewayLoggingFilter      : gateway_request method=POST path=/ingredient-categories status=200 OK durationMs=6
2026-04-01T14:36:34.656+07:00  INFO 87229 --- [api-gateway] [tor-http-nio-10] c.f.a.security.GatewayLoggingFilter      : gateway_request method=POST path=/ingredient-categories status=200 OK durationMs=6
2026-04-01T14:36:34.670+07:00  INFO 87229 --- [api-gateway] [tor-http-nio-11] c.f.a.security.GatewayLoggingFilter      : gateway_request method=POST path=/ingredients status=404 NOT_FOUND durationMs=13
2026-04-01T14:36:34.679+07:00  INFO 87229 --- [api-gateway] [tor-http-nio-12] c.f.a.security.GatewayLoggingFilter      : gateway_request method=POST path=/ingredients status=404 NOT_FOUND durationMs=7
2026-04-01T14:36:34.695+07:00  INFO 87229 --- [api-gateway] [ctor-http-nio-1] c.f.a.security.GatewayLoggingFilter      : gateway_request method=POST path=/ingredients status=200 OK durationMs=15
2026-04-01T14:36:34.707+07:00  INFO 87229 --- [api-gateway] [ctor-http-nio-2] c.f.a.security.GatewayLoggingFilter      : gateway_request method=POST path=/ingredients status=200 OK durationMs=10
2026-04-01T14:36:34.719+07:00  INFO 87229 --- [api-gateway] [ctor-http-nio-3] c.f.a.security.GatewayLoggingFilter      : gateway_request method=POST path=/ingredients status=200 OK durationMs=10
2026-04-01T14:36:34.728+07:00  INFO 87229 --- [api-gateway] [ctor-http-nio-4] c.f.a.security.GatewayLoggingFilter      : gateway_request method=POST path=/ingredients status=409 CONFLICT durationMs=7
2026-04-01T14:36:34.741+07:00  INFO 87229 --- [api-gateway] [ctor-http-nio-5] c.f.a.security.GatewayLoggingFilter      : gateway_request method=POST path=/ingredients status=200 OK durationMs=11
2026-04-01T14:36:34.753+07:00  INFO 87229 --- [api-gateway] [ctor-http-nio-6] c.f.a.security.GatewayLoggingFilter      : gateway_request method=POST path=/ingredients status=200 OK durationMs=11
2026-04-01T14:36:34.762+07:00  INFO 87229 --- [api-gateway] [ctor-http-nio-7] c.f.a.security.GatewayLoggingFilter      : gateway_request method=POST path=/ingredients status=404 NOT_FOUND durationMs=7
2026-04-01T14:36:34.771+07:00  INFO 87229 --- [api-gateway] [ctor-http-nio-8] c.f.a.security.GatewayLoggingFilter      : gateway_request method=POST path=/ingredients status=404 NOT_FOUND durationMs=7
2026-04-01T14:36:34.780+07:00  INFO 87229 --- [api-gateway] [ctor-http-nio-9] c.f.a.security.GatewayLoggingFilter      : gateway_request method=POST path=/ingredients status=404 NOT_FOUND durationMs=7
2026-04-01T14:36:34.792+07:00  INFO 87229 --- [api-gateway] [tor-http-nio-10] c.f.a.security.GatewayLoggingFilter      : gateway_request method=POST path=/ingredients status=200 OK durationMs=11
2026-04-01T14:36:34.802+07:00  INFO 87229 --- [api-gateway] [tor-http-nio-11] c.f.a.security.GatewayLoggingFilter      : gateway_request method=POST path=/ingredients status=200 OK durationMs=8
2026-04-01T14:36:34.811+07:00  INFO 87229 --- [api-gateway] [tor-http-nio-12] c.f.a.security.GatewayLoggingFilter      : gateway_request method=POST path=/product-categories status=200 OK durationMs=8
2026-04-01T14:36:34.819+07:00  INFO 87229 --- [api-gateway] [ctor-http-nio-1] c.f.a.security.GatewayLoggingFilter      : gateway_request method=POST path=/product-categories status=200 OK durationMs=6
2026-04-01T14:36:34.828+07:00  INFO 87229 --- [api-gateway] [ctor-http-nio-2] c.f.a.security.GatewayLoggingFilter      : gateway_request method=POST path=/product-categories status=200 OK durationMs=7
2026-04-01T14:36:34.837+07:00  INFO 87229 --- [api-gateway] [ctor-http-nio-3] c.f.a.security.GatewayLoggingFilter      : gateway_request method=POST path=/product-categories status=200 OK durationMs=7
2026-04-01T14:36:34.845+07:00  INFO 87229 --- [api-gateway] [ctor-http-nio-4] c.f.a.security.GatewayLoggingFilter      : gateway_request method=POST path=/product-categories status=200 OK durationMs=6
2026-04-01T14:36:34.857+07:00  INFO 87229 --- [api-gateway] [ctor-http-nio-5] c.f.a.security.GatewayLoggingFilter      : gateway_request method=POST path=/products status=200 OK durationMs=11
2026-04-01T14:36:34.870+07:00  INFO 87229 --- [api-gateway] [ctor-http-nio-6] c.f.a.security.GatewayLoggingFilter      : gateway_request method=POST path=/tax-rates status=200 OK durationMs=11
2026-04-01T14:36:34.883+07:00  INFO 87229 --- [api-gateway] [ctor-http-nio-7] c.f.a.security.GatewayLoggingFilter      : gateway_request method=POST path=/product-prices status=200 OK durationMs=12
2026-04-01T14:36:34.902+07:00  INFO 87229 --- [api-gateway] [ctor-http-nio-8] c.f.a.security.GatewayLoggingFilter      : gateway_request method=POST path=/recipes status=200 OK durationMs=17
2026-04-01T14:36:34.913+07:00  INFO 87229 --- [api-gateway] [ctor-http-nio-9] c.f.a.security.GatewayLoggingFilter      : gateway_request method=POST path=/products status=200 OK durationMs=10
2026-04-01T14:36:34.924+07:00  INFO 87229 --- [api-gateway] [tor-http-nio-10] c.f.a.security.GatewayLoggingFilter      : gateway_request method=POST path=/tax-rates status=200 OK durationMs=9
2026-04-01T14:36:34.936+07:00  INFO 87229 --- [api-gateway] [tor-http-nio-11] c.f.a.security.GatewayLoggingFilter      : gateway_request method=POST path=/product-prices status=200 OK durationMs=9
2026-04-01T14:36:34.946+07:00  INFO 87229 --- [api-gateway] [tor-http-nio-12] c.f.a.security.GatewayLoggingFilter      : gateway_request method=POST path=/recipes status=200 OK durationMs=9
2026-04-01T14:36:35.009+07:00  INFO 87229 --- [api-gateway] [ctor-http-nio-1] c.f.a.security.GatewayLoggingFilter      : gateway_request method=POST path=/recipe-versions status=200 OK durationMs=61
2026-04-01T14:36:35.021+07:00  INFO 87229 --- [api-gateway] [ctor-http-nio-2] c.f.a.security.GatewayLoggingFilter      : gateway_request method=POST path=/products status=200 OK durationMs=10
2026-04-01T14:36:35.031+07:00  INFO 87229 --- [api-gateway] [ctor-http-nio-3] c.f.a.security.GatewayLoggingFilter      : gateway_request method=POST path=/tax-rates status=200 OK durationMs=8
2026-04-01T14:36:35.044+07:00  INFO 87229 --- [api-gateway] [ctor-http-nio-4] c.f.a.security.GatewayLoggingFilter      : gateway_request method=POST path=/product-prices status=200 OK durationMs=12
2026-04-01T14:36:35.057+07:00  INFO 87229 --- [api-gateway] [ctor-http-nio-5] c.f.a.security.GatewayLoggingFilter      : gateway_request method=POST path=/recipes status=200 OK durationMs=11
2026-04-01T14:36:35.070+07:00  INFO 87229 --- [api-gateway] [ctor-http-nio-6] c.f.a.security.GatewayLoggingFilter      : gateway_request method=POST path=/products status=200 OK durationMs=11
2026-04-01T14:36:35.079+07:00  INFO 87229 --- [api-gateway] [ctor-http-nio-7] c.f.a.security.GatewayLoggingFilter      : gateway_request method=POST path=/tax-rates status=200 OK durationMs=7
2026-04-01T14:36:35.093+07:00  INFO 87229 --- [api-gateway] [ctor-http-nio-8] c.f.a.security.GatewayLoggingFilter      : gateway_request method=POST path=/product-prices status=200 OK durationMs=12
2026-04-01T14:36:35.104+07:00  INFO 87229 --- [api-gateway] [ctor-http-nio-9] c.f.a.security.GatewayLoggingFilter      : gateway_request method=POST path=/recipes status=200 OK durationMs=10
2026-04-01T14:36:35.123+07:00  INFO 87229 --- [api-gateway] [tor-http-nio-10] c.f.a.security.GatewayLoggingFilter      : gateway_request method=POST path=/recipe-versions status=200 OK durationMs=17
2026-04-01T14:36:35.133+07:00  INFO 87229 --- [api-gateway] [tor-http-nio-11] c.f.a.security.GatewayLoggingFilter      : gateway_request method=POST path=/products status=200 OK durationMs=9
2026-04-01T14:36:35.144+07:00  INFO 87229 --- [api-gateway] [tor-http-nio-12] c.f.a.security.GatewayLoggingFilter      : gateway_request method=POST path=/tax-rates status=200 OK durationMs=9
2026-04-01T14:36:35.156+07:00  INFO 87229 --- [api-gateway] [ctor-http-nio-1] c.f.a.security.GatewayLoggingFilter      : gateway_request method=POST path=/product-prices status=200 OK durationMs=10
2026-04-01T14:36:35.168+07:00  INFO 87229 --- [api-gateway] [ctor-http-nio-2] c.f.a.security.GatewayLoggingFilter      : gateway_request method=POST path=/recipes status=200 OK durationMs=10
2026-04-01T14:36:35.187+07:00  INFO 87229 --- [api-gateway] [ctor-http-nio-3] c.f.a.security.GatewayLoggingFilter      : gateway_request method=POST path=/recipe-versions status=200 OK durationMs=18
2026-04-01T14:36:35.194+07:00  INFO 87229 --- [api-gateway] [ctor-http-nio-4] c.f.a.security.GatewayLoggingFilter      : gateway_request method=POST path=/products status=409 CONFLICT durationMs=5
2026-04-01T14:36:35.206+07:00  INFO 87229 --- [api-gateway] [ctor-http-nio-5] c.f.a.security.GatewayLoggingFilter      : gateway_request method=POST path=/products status=200 OK durationMs=10
2026-04-01T14:36:35.218+07:00  INFO 87229 --- [api-gateway] [ctor-http-nio-6] c.f.a.security.GatewayLoggingFilter      : gateway_request method=POST path=/tax-rates status=200 OK durationMs=10
2026-04-01T14:36:35.229+07:00  INFO 87229 --- [api-gateway] [ctor-http-nio-7] c.f.a.security.GatewayLoggingFilter      : gateway_request method=POST path=/product-prices status=200 OK durationMs=10
2026-04-01T14:36:35.240+07:00  INFO 87229 --- [api-gateway] [ctor-http-nio-8] c.f.a.security.GatewayLoggingFilter      : gateway_request method=POST path=/recipes status=200 OK durationMs=8
2026-04-01T14:36:35.260+07:00  INFO 87229 --- [api-gateway] [ctor-http-nio-9] c.f.a.security.GatewayLoggingFilter      : gateway_request method=POST path=/recipe-versions status=200 OK durationMs=19
2026-04-01T14:36:35.269+07:00  INFO 87229 --- [api-gateway] [tor-http-nio-10] c.f.a.security.GatewayLoggingFilter      : gateway_request method=POST path=/products status=200 OK durationMs=7
2026-04-01T14:36:35.279+07:00  INFO 87229 --- [api-gateway] [tor-http-nio-11] c.f.a.security.GatewayLoggingFilter      : gateway_request method=POST path=/tax-rates status=200 OK durationMs=9
2026-04-01T14:36:35.292+07:00  INFO 87229 --- [api-gateway] [tor-http-nio-12] c.f.a.security.GatewayLoggingFilter      : gateway_request method=POST path=/product-prices status=200 OK durationMs=11
2026-04-01T14:36:35.303+07:00  INFO 87229 --- [api-gateway] [ctor-http-nio-1] c.f.a.security.GatewayLoggingFilter      : gateway_request method=POST path=/recipes status=200 OK durationMs=10
2026-04-01T14:36:35.325+07:00  INFO 87229 --- [api-gateway] [ctor-http-nio-2] c.f.a.security.GatewayLoggingFilter      : gateway_request method=POST path=/recipe-versions status=200 OK durationMs=19
2026-04-01T14:36:35.336+07:00  INFO 87229 --- [api-gateway] [ctor-http-nio-3] c.f.a.security.GatewayLoggingFilter      : gateway_request method=POST path=/products status=200 OK durationMs=10
2026-04-01T14:36:35.347+07:00  INFO 87229 --- [api-gateway] [ctor-http-nio-4] c.f.a.security.GatewayLoggingFilter      : gateway_request method=POST path=/tax-rates status=200 OK durationMs=9
2026-04-01T14:36:35.361+07:00  INFO 87229 --- [api-gateway] [ctor-http-nio-5] c.f.a.security.GatewayLoggingFilter      : gateway_request method=POST path=/product-prices status=200 OK durationMs=12
2026-04-01T14:36:35.371+07:00  INFO 87229 --- [api-gateway] [ctor-http-nio-6] c.f.a.security.GatewayLoggingFilter      : gateway_request method=POST path=/recipes status=200 OK durationMs=8
2026-04-01T14:36:35.387+07:00  INFO 87229 --- [api-gateway] [ctor-http-nio-7] c.f.a.security.GatewayLoggingFilter      : gateway_request method=POST path=/recipe-versions status=200 OK durationMs=14
2026-04-01T14:36:35.397+07:00  INFO 87229 --- [api-gateway] [ctor-http-nio-8] c.f.a.security.GatewayLoggingFilter      : gateway_request method=POST path=/products status=200 OK durationMs=8
2026-04-01T14:36:35.408+07:00  INFO 87229 --- [api-gateway] [ctor-http-nio-9] c.f.a.security.GatewayLoggingFilter      : gateway_request method=POST path=/tax-rates status=200 OK durationMs=10
2026-04-01T14:36:35.420+07:00  INFO 87229 --- [api-gateway] [tor-http-nio-10] c.f.a.security.GatewayLoggingFilter      : gateway_request method=POST path=/product-prices status=200 OK durationMs=11
2026-04-01T14:36:35.432+07:00  INFO 87229 --- [api-gateway] [tor-http-nio-11] c.f.a.security.GatewayLoggingFilter      : gateway_request method=POST path=/recipes status=200 OK durationMs=10
2026-04-01T14:36:35.452+07:00  INFO 87229 --- [api-gateway] [tor-http-nio-12] c.f.a.security.GatewayLoggingFilter      : gateway_request method=POST path=/recipe-versions status=200 OK durationMs=18
2026-04-01T14:36:35.461+07:00  INFO 87229 --- [api-gateway] [ctor-http-nio-1] c.f.a.security.GatewayLoggingFilter      : gateway_request method=POST path=/products status=200 OK durationMs=8
2026-04-01T14:36:35.473+07:00  INFO 87229 --- [api-gateway] [ctor-http-nio-2] c.f.a.security.GatewayLoggingFilter      : gateway_request method=POST path=/tax-rates status=200 OK durationMs=10
2026-04-01T14:36:35.486+07:00  INFO 87229 --- [api-gateway] [ctor-http-nio-3] c.f.a.security.GatewayLoggingFilter      : gateway_request method=POST path=/product-prices status=200 OK durationMs=12
2026-04-01T14:36:35.497+07:00  INFO 87229 --- [api-gateway] [ctor-http-nio-4] c.f.a.security.GatewayLoggingFilter      : gateway_request method=POST path=/recipes status=200 OK durationMs=9
2026-04-01T14:36:35.516+07:00  INFO 87229 --- [api-gateway] [ctor-http-nio-5] c.f.a.security.GatewayLoggingFilter      : gateway_request method=POST path=/recipe-versions status=200 OK durationMs=18
2026-04-01T14:36:35.526+07:00  INFO 87229 --- [api-gateway] [ctor-http-nio-6] c.f.a.security.GatewayLoggingFilter      : gateway_request method=POST path=/products status=200 OK durationMs=8
2026-04-01T14:36:35.536+07:00  INFO 87229 --- [api-gateway] [ctor-http-nio-7] c.f.a.security.GatewayLoggingFilter      : gateway_request method=POST path=/tax-rates status=200 OK durationMs=8
2026-04-01T14:36:35.548+07:00  INFO 87229 --- [api-gateway] [ctor-http-nio-8] c.f.a.security.GatewayLoggingFilter      : gateway_request method=POST path=/product-prices status=200 OK durationMs=10
2026-04-01T14:36:35.559+07:00  INFO 87229 --- [api-gateway] [ctor-http-nio-9] c.f.a.security.GatewayLoggingFilter      : gateway_request method=POST path=/recipes status=200 OK durationMs=9
2026-04-01T14:36:35.573+07:00  INFO 87229 --- [api-gateway] [tor-http-nio-10] c.f.a.security.GatewayLoggingFilter      : gateway_request method=POST path=/recipe-versions status=200 OK durationMs=12
2026-04-01T14:36:35.582+07:00  INFO 87229 --- [api-gateway] [tor-http-nio-11] c.f.a.security.GatewayLoggingFilter      : gateway_request method=POST path=/products status=200 OK durationMs=7
2026-04-01T14:36:35.591+07:00  INFO 87229 --- [api-gateway] [tor-http-nio-12] c.f.a.security.GatewayLoggingFilter      : gateway_request method=POST path=/tax-rates status=200 OK durationMs=7
2026-04-01T14:36:35.601+07:00  INFO 87229 --- [api-gateway] [ctor-http-nio-1] c.f.a.security.GatewayLoggingFilter      : gateway_request method=POST path=/product-prices status=200 OK durationMs=8
2026-04-01T14:36:35.610+07:00  INFO 87229 --- [api-gateway] [ctor-http-nio-2] c.f.a.security.GatewayLoggingFilter      : gateway_request method=POST path=/recipes status=200 OK durationMs=7
2026-04-01T14:36:35.624+07:00  INFO 87229 --- [api-gateway] [ctor-http-nio-3] c.f.a.security.GatewayLoggingFilter      : gateway_request method=POST path=/recipe-versions status=200 OK durationMs=12
2026-04-01T14:36:46.481+07:00  INFO 87229 --- [api-gateway] [ctor-http-nio-4] c.f.a.security.GatewayLoggingFilter      : gateway_request method=POST path=/auth/refresh status=200 OK durationMs=46
2026-04-01T14:38:32.701+07:00  INFO 87229 --- [api-gateway] [ctor-http-nio-6] c.f.a.security.GatewayLoggingFilter      : gateway_request method=POST path=/auth/login status=200 OK durationMs=113
2026-04-01T14:38:32.724+07:00  INFO 87229 --- [api-gateway] [ctor-http-nio-6] c.f.a.security.GatewayLoggingFilter      : gateway_request method=GET path=/outlets/3 status=403 FORBIDDEN durationMs=7
2026-04-01T14:38:35.014+07:00  INFO 87229 --- [api-gateway] [ctor-http-nio-6] c.f.a.security.GatewayLoggingFilter      : gateway_request method=GET path=/pos-sessions status=200 OK durationMs=29
2026-04-01T14:38:35.028+07:00  INFO 87229 --- [api-gateway] [tor-http-nio-11] c.f.a.security.GatewayLoggingFilter      : gateway_request method=GET path=/product-availability status=403 FORBIDDEN durationMs=6
2026-04-01T14:38:35.028+07:00  INFO 87229 --- [api-gateway] [tor-http-nio-10] c.f.a.security.GatewayLoggingFilter      : gateway_request method=GET path=/product-prices status=403 FORBIDDEN durationMs=6
2026-04-01T14:38:35.028+07:00  INFO 87229 --- [api-gateway] [ctor-http-nio-6] c.f.a.security.GatewayLoggingFilter      : gateway_request method=GET path=/products status=403 FORBIDDEN durationMs=7
2026-04-01T14:38:44.738+07:00  INFO 87229 --- [api-gateway] [ctor-http-nio-3] c.f.a.security.GatewayLoggingFilter      : gateway_request method=POST path=/auth/logout status=204 NO_CONTENT durationMs=24
2026-04-01T14:39:14.242+07:00  INFO 87229 --- [api-gateway] [ctor-http-nio-4] c.f.a.security.GatewayLoggingFilter      : gateway_request method=POST path=/auth/login status=200 OK durationMs=112
2026-04-01T14:39:14.278+07:00  INFO 87229 --- [api-gateway] [ctor-http-nio-5] c.f.a.security.GatewayLoggingFilter      : gateway_request method=GET path=/product-prices status=403 FORBIDDEN durationMs=4
2026-04-01T14:39:14.278+07:00  INFO 87229 --- [api-gateway] [ctor-http-nio-6] c.f.a.security.GatewayLoggingFilter      : gateway_request method=GET path=/product-availability status=403 FORBIDDEN durationMs=4
2026-04-01T14:39:14.278+07:00  INFO 87229 --- [api-gateway] [ctor-http-nio-4] c.f.a.security.GatewayLoggingFilter      : gateway_request method=GET path=/products status=403 FORBIDDEN durationMs=4
2026-04-01T14:39:14.281+07:00  INFO 87229 --- [api-gateway] [ctor-http-nio-7] c.f.a.security.GatewayLoggingFilter      : gateway_request method=GET path=/outlets/3 status=403 FORBIDDEN durationMs=7
2026-04-01T14:39:14.284+07:00  INFO 87229 --- [api-gateway] [ctor-http-nio-5] c.f.a.security.GatewayLoggingFilter      : gateway_request method=GET path=/product-availability status=403 FORBIDDEN durationMs=4
2026-04-01T14:39:14.284+07:00  INFO 87229 --- [api-gateway] [ctor-http-nio-6] c.f.a.security.GatewayLoggingFilter      : gateway_request method=GET path=/product-prices status=403 FORBIDDEN durationMs=4
2026-04-01T14:39:14.284+07:00  INFO 87229 --- [api-gateway] [ctor-http-nio-4] c.f.a.security.GatewayLoggingFilter      : gateway_request method=GET path=/products status=403 FORBIDDEN durationMs=4
2026-04-01T14:39:14.288+07:00  INFO 87229 --- [api-gateway] [ctor-http-nio-7] c.f.a.security.GatewayLoggingFilter      : gateway_request method=GET path=/outlets/3 status=403 FORBIDDEN durationMs=5
2026-04-01T14:39:19.041+07:00  INFO 87229 --- [api-gateway] [ctor-http-nio-8] c.f.a.security.GatewayLoggingFilter      : gateway_request method=POST path=/pos-sessions/9/close status=200 OK durationMs=26
2026-04-01T14:39:19.056+07:00  INFO 87229 --- [api-gateway] [ctor-http-nio-8] c.f.a.security.GatewayLoggingFilter      : gateway_request method=GET path=/pos-sessions status=200 OK durationMs=10
2026-04-01T14:39:23.413+07:00  INFO 87229 --- [api-gateway] [ctor-http-nio-9] c.f.a.security.GatewayLoggingFilter      : gateway_request method=POST path=/pos-sessions status=200 OK durationMs=37
2026-04-01T14:39:23.426+07:00  INFO 87229 --- [api-gateway] [ctor-http-nio-9] c.f.a.security.GatewayLoggingFilter      : gateway_request method=GET path=/pos-sessions status=200 OK durationMs=9
2026-04-01T14:39:23.438+07:00  INFO 87229 --- [api-gateway] [ctor-http-nio-9] c.f.a.security.GatewayLoggingFilter      : gateway_request method=GET path=/products status=403 FORBIDDEN durationMs=5
2026-04-01T14:39:23.439+07:00  INFO 87229 --- [api-gateway] [tor-http-nio-10] c.f.a.security.GatewayLoggingFilter      : gateway_request method=GET path=/product-prices status=403 FORBIDDEN durationMs=4
2026-04-01T14:39:23.439+07:00  INFO 87229 --- [api-gateway] [tor-http-nio-11] c.f.a.security.GatewayLoggingFilter      : gateway_request method=GET path=/product-availability status=403 FORBIDDEN durationMs=4
2026-04-01T14:39:25.613+07:00  INFO 87229 --- [api-gateway] [tor-http-nio-10] c.f.a.security.GatewayLoggingFilter      : gateway_request method=GET path=/product-prices status=403 FORBIDDEN durationMs=12
2026-04-01T14:39:25.613+07:00  INFO 87229 --- [api-gateway] [ctor-http-nio-9] c.f.a.security.GatewayLoggingFilter      : gateway_request method=GET path=/products status=403 FORBIDDEN durationMs=13
2026-04-01T14:39:25.613+07:00  INFO 87229 --- [api-gateway] [tor-http-nio-11] c.f.a.security.GatewayLoggingFilter      : gateway_request method=GET path=/product-availability status=403 FORBIDDEN durationMs=12
2026-04-01T14:39:26.090+07:00  INFO 87229 --- [api-gateway] [tor-http-nio-10] c.f.a.security.GatewayLoggingFilter      : gateway_request method=GET path=/product-prices status=403 FORBIDDEN durationMs=13
2026-04-01T14:39:26.090+07:00  INFO 87229 --- [api-gateway] [ctor-http-nio-9] c.f.a.security.GatewayLoggingFilter      : gateway_request method=GET path=/products status=403 FORBIDDEN durationMs=13
2026-04-01T14:39:26.090+07:00  INFO 87229 --- [api-gateway] [tor-http-nio-11] c.f.a.security.GatewayLoggingFilter      : gateway_request method=GET path=/product-availability status=403 FORBIDDEN durationMs=12
2026-04-01T14:39:26.291+07:00  INFO 87229 --- [api-gateway] [tor-http-nio-10] c.f.a.security.GatewayLoggingFilter      : gateway_request method=GET path=/product-prices status=403 FORBIDDEN durationMs=8
2026-04-01T14:39:26.291+07:00  INFO 87229 --- [api-gateway] [ctor-http-nio-9] c.f.a.security.GatewayLoggingFilter      : gateway_request method=GET path=/products status=403 FORBIDDEN durationMs=8
2026-04-01T14:39:26.292+07:00  INFO 87229 --- [api-gateway] [tor-http-nio-11] c.f.a.security.GatewayLoggingFilter      : gateway_request method=GET path=/product-availability status=403 FORBIDDEN durationMs=8
2026-04-01T14:40:33.017+07:00  INFO 87229 --- [api-gateway] [undedElastic-25] c.f.a.security.GatewayLoggingFilter      : gateway_request method=POST path=/auth/logout status=401 UNAUTHORIZED durationMs=3
2026-04-01T14:40:33.052+07:00  INFO 87229 --- [api-gateway] [tor-http-nio-12] c.f.a.security.GatewayLoggingFilter      : gateway_request method=POST path=/auth/refresh status=200 OK durationMs=31
2026-04-01T14:40:33.073+07:00  INFO 87229 --- [api-gateway] [tor-http-nio-12] c.f.a.security.GatewayLoggingFilter      : gateway_request method=POST path=/auth/logout status=204 NO_CONTENT durationMs=12
2026-04-01T14:40:52.819+07:00  INFO 87229 --- [api-gateway] [ctor-http-nio-2] c.f.a.security.GatewayLoggingFilter      : gateway_request method=POST path=/auth/login status=401 UNAUTHORIZED durationMs=70
2026-04-01T14:41:33.971+07:00  INFO 87229 --- [api-gateway] [ctor-http-nio-3] c.f.a.security.GatewayLoggingFilter      : gateway_request method=POST path=/auth/login status=200 OK durationMs=102
2026-04-01T14:41:52.632+07:00  INFO 87229 --- [api-gateway] [ctor-http-nio-4] c.f.a.security.GatewayLoggingFilter      : gateway_request method=GET path=/pos-sessions status=200 OK durationMs=12
2026-04-01T14:41:52.657+07:00  INFO 87229 --- [api-gateway] [ctor-http-nio-7] c.f.a.security.GatewayLoggingFilter      : gateway_request method=GET path=/product-availability status=403 FORBIDDEN durationMs=9
2026-04-01T14:41:52.657+07:00  INFO 87229 --- [api-gateway] [ctor-http-nio-4] c.f.a.security.GatewayLoggingFilter      : gateway_request method=GET path=/products status=403 FORBIDDEN durationMs=10
2026-04-01T14:41:52.657+07:00  INFO 87229 --- [api-gateway] [ctor-http-nio-6] c.f.a.security.GatewayLoggingFilter      : gateway_request method=GET path=/product-prices status=403 FORBIDDEN durationMs=9
2026-04-01T14:42:57.054+07:00  INFO 87229 --- [api-gateway] [tor-http-nio-11] c.f.a.security.GatewayLoggingFilter      : gateway_request method=GET path=/pos-sessions status=200 OK durationMs=25
2026-04-01T14:42:57.085+07:00  INFO 87229 --- [api-gateway] [ctor-http-nio-2] c.f.a.security.GatewayLoggingFilter      : gateway_request method=GET path=/product-availability status=403 FORBIDDEN durationMs=21
2026-04-01T14:42:57.085+07:00  INFO 87229 --- [api-gateway] [ctor-http-nio-1] c.f.a.security.GatewayLoggingFilter      : gateway_request method=GET path=/product-prices status=403 FORBIDDEN durationMs=21
2026-04-01T14:42:57.085+07:00  INFO 87229 --- [api-gateway] [tor-http-nio-11] c.f.a.security.GatewayLoggingFilter      : gateway_request method=GET path=/products status=403 FORBIDDEN durationMs=22
2026-04-01T14:44:05.426+07:00  INFO 87229 --- [api-gateway] [ctor-http-nio-6] c.f.a.security.GatewayLoggingFilter      : gateway_request method=GET path=/pos-sessions status=200 OK durationMs=21
2026-04-01T14:46:13.410+07:00  INFO 87229 --- [api-gateway] [ctor-http-nio-8] c.f.a.security.GatewayLoggingFilter      : gateway_request method=GET path=/products status=403 FORBIDDEN durationMs=9
2026-04-01T14:51:15.650+07:00  INFO 87229 --- [api-gateway] [tor-http-nio-10] c.f.a.security.GatewayLoggingFilter      : gateway_request method=GET path=/products status=200 OK durationMs=319
2026-04-01T14:51:15.942+07:00  INFO 87229 --- [api-gateway] [tor-http-nio-12] c.f.a.security.GatewayLoggingFilter      : gateway_request method=GET path=/product-prices status=200 OK durationMs=27
2026-04-01T14:51:16.172+07:00  INFO 87229 --- [api-gateway] [ctor-http-nio-1] c.f.a.security.GatewayLoggingFilter      : gateway_request method=GET path=/product-availability status=200 OK durationMs=19
2026-04-01T14:51:36.058+07:00  INFO 87229 --- [api-gateway] [ctor-http-nio-2] c.f.a.security.GatewayLoggingFilter      : gateway_request method=GET path=/products status=200 OK durationMs=9
2026-04-01T14:51:36.072+07:00  INFO 87229 --- [api-gateway] [ctor-http-nio-3] c.f.a.security.GatewayLoggingFilter      : gateway_request method=GET path=/product-prices status=200 OK durationMs=12
2026-04-01T14:51:36.084+07:00  INFO 87229 --- [api-gateway] [ctor-http-nio-4] c.f.a.security.GatewayLoggingFilter      : gateway_request method=GET path=/product-availability status=200 OK durationMs=11
2026-04-01T14:51:58.067+07:00  INFO 87229 --- [api-gateway] [ctor-http-nio-5] c.f.a.security.GatewayLoggingFilter      : gateway_request method=POST path=/auth/refresh status=200 OK durationMs=62
2026-04-01T14:52:14.306+07:00  INFO 87229 --- [api-gateway] [ctor-http-nio-7] c.f.a.security.GatewayLoggingFilter      : gateway_request method=GET path=/pos-sessions status=200 OK durationMs=27
2026-04-01T14:52:14.334+07:00  INFO 87229 --- [api-gateway] [ctor-http-nio-7] c.f.a.security.GatewayLoggingFilter      : gateway_request method=GET path=/products status=200 OK durationMs=13
2026-04-01T14:52:14.337+07:00  INFO 87229 --- [api-gateway] [tor-http-nio-10] c.f.a.security.GatewayLoggingFilter      : gateway_request method=GET path=/product-availability status=200 OK durationMs=15
2026-04-01T14:52:14.338+07:00  INFO 87229 --- [api-gateway] [ctor-http-nio-9] c.f.a.security.GatewayLoggingFilter      : gateway_request method=GET path=/product-prices status=200 OK durationMs=17
2026-04-01T14:52:19.712+07:00  INFO 87229 --- [api-gateway] [ctor-http-nio-1] c.f.a.security.GatewayLoggingFilter      : gateway_request method=POST path=/auth/logout status=204 NO_CONTENT durationMs=14
2026-04-01T14:52:21.438+07:00  INFO 87229 --- [api-gateway] [ctor-http-nio-1] c.f.a.security.GatewayLoggingFilter      : gateway_request method=POST path=/auth/login status=200 OK durationMs=352
2026-04-01T14:52:21.474+07:00  INFO 87229 --- [api-gateway] [ctor-http-nio-1] c.f.a.security.GatewayLoggingFilter      : gateway_request method=GET path=/pos-sessions status=200 OK durationMs=10
2026-04-01T14:52:21.477+07:00  INFO 87229 --- [api-gateway] [ctor-http-nio-2] c.f.a.security.GatewayLoggingFilter      : gateway_request method=GET path=/products status=200 OK durationMs=12
2026-04-01T14:52:21.478+07:00  INFO 87229 --- [api-gateway] [ctor-http-nio-4] c.f.a.security.GatewayLoggingFilter      : gateway_request method=GET path=/product-availability status=200 OK durationMs=11
2026-04-01T14:52:21.478+07:00  INFO 87229 --- [api-gateway] [ctor-http-nio-3] c.f.a.security.GatewayLoggingFilter      : gateway_request method=GET path=/product-prices status=200 OK durationMs=11
2026-04-01T14:52:23.629+07:00  INFO 87229 --- [api-gateway] [ctor-http-nio-1] c.f.a.security.GatewayLoggingFilter      : gateway_request method=GET path=/products status=200 OK durationMs=15
2026-04-01T14:52:23.630+07:00  INFO 87229 --- [api-gateway] [ctor-http-nio-2] c.f.a.security.GatewayLoggingFilter      : gateway_request method=GET path=/product-categories status=200 OK durationMs=16
2026-04-01T14:52:27.526+07:00  INFO 87229 --- [api-gateway] [ctor-http-nio-6] c.f.a.security.GatewayLoggingFilter      : gateway_request method=GET path=/product-availability status=200 OK durationMs=11
2026-04-01T14:52:27.528+07:00  INFO 87229 --- [api-gateway] [ctor-http-nio-5] c.f.a.security.GatewayLoggingFilter      : gateway_request method=GET path=/product-prices status=200 OK durationMs=12
2026-04-01T14:52:27.530+07:00  INFO 87229 --- [api-gateway] [ctor-http-nio-2] c.f.a.security.GatewayLoggingFilter      : gateway_request method=GET path=/recipes status=200 OK durationMs=15
2026-04-01T14:52:27.531+07:00  INFO 87229 --- [api-gateway] [ctor-http-nio-1] c.f.a.security.GatewayLoggingFilter      : gateway_request method=GET path=/products/16 status=200 OK durationMs=17
2026-04-01T14:56:03.627+07:00  INFO 87229 --- [api-gateway] [undedElastic-32] c.f.a.security.GatewayLoggingFilter      : gateway_request method=GET path=/pos-sessions status=401 UNAUTHORIZED durationMs=12
2026-04-01T14:56:03.704+07:00  INFO 87229 --- [api-gateway] [ctor-http-nio-8] c.f.a.security.GatewayLoggingFilter      : gateway_request method=POST path=/auth/refresh status=200 OK durationMs=71
2026-04-01T14:56:03.739+07:00  INFO 87229 --- [api-gateway] [ctor-http-nio-8] c.f.a.security.GatewayLoggingFilter      : gateway_request method=GET path=/pos-sessions status=200 OK durationMs=21
2026-04-01T14:56:03.791+07:00  INFO 87229 --- [api-gateway] [tor-http-nio-12] c.f.a.security.GatewayLoggingFilter      : gateway_request method=GET path=/product-availability status=200 OK durationMs=29
2026-04-01T14:56:03.791+07:00  INFO 87229 --- [api-gateway] [ctor-http-nio-8] c.f.a.security.GatewayLoggingFilter      : gateway_request method=GET path=/products status=200 OK durationMs=30
2026-04-01T14:56:03.796+07:00  INFO 87229 --- [api-gateway] [tor-http-nio-11] c.f.a.security.GatewayLoggingFilter      : gateway_request method=GET path=/product-prices status=200 OK durationMs=33
2026-04-01T14:56:11.132+07:00  INFO 87229 --- [api-gateway] [ctor-http-nio-4] c.f.a.security.GatewayLoggingFilter      : gateway_request method=POST path=/sale-orders status=200 OK durationMs=116
2026-04-01T14:56:11.144+07:00  INFO 87229 --- [api-gateway] [ctor-http-nio-4] c.f.a.security.GatewayLoggingFilter      : gateway_request method=GET path=/pos-sessions status=200 OK durationMs=8
2026-04-01T14:56:16.032+07:00  INFO 87229 --- [api-gateway] [ctor-http-nio-5] c.f.a.security.GatewayLoggingFilter      : gateway_request method=POST path=/sale-orders/10/payments status=200 OK durationMs=43
2026-04-01T14:56:23.809+07:00  INFO 87229 --- [api-gateway] [ctor-http-nio-6] c.f.a.security.GatewayLoggingFilter      : gateway_request method=POST path=/sale-orders/10/complete status=409 CONFLICT durationMs=68
2026-04-01T14:56:25.253+07:00  INFO 87229 --- [api-gateway] [ctor-http-nio-6] c.f.a.security.GatewayLoggingFilter      : gateway_request method=POST path=/sale-orders/10/complete status=409 CONFLICT durationMs=51
2026-04-01T14:56:25.502+07:00  INFO 87229 --- [api-gateway] [ctor-http-nio-6] c.f.a.security.GatewayLoggingFilter      : gateway_request method=POST path=/sale-orders/10/complete status=409 CONFLICT durationMs=46
2026-04-01T14:56:25.705+07:00  INFO 87229 --- [api-gateway] [ctor-http-nio-6] c.f.a.security.GatewayLoggingFilter      : gateway_request method=POST path=/sale-orders/10/complete status=503 SERVICE_UNAVAILABLE durationMs=21
2026-04-01T14:56:25.961+07:00  INFO 87229 --- [api-gateway] [ctor-http-nio-6] c.f.a.security.GatewayLoggingFilter      : gateway_request method=POST path=/sale-orders/10/complete status=503 SERVICE_UNAVAILABLE durationMs=18
2026-04-01T14:56:35.469+07:00  INFO 87229 --- [api-gateway] [ctor-http-nio-8] c.f.a.security.GatewayLoggingFilter      : gateway_request method=GET path=/pos-sessions/10 status=200 OK durationMs=10
2026-04-01T14:56:44.817+07:00  INFO 87229 --- [api-gateway] [tor-http-nio-10] c.f.a.security.GatewayLoggingFilter      : gateway_request method=POST path=/sale-orders status=200 OK durationMs=40
2026-04-01T14:56:44.829+07:00  INFO 87229 --- [api-gateway] [tor-http-nio-10] c.f.a.security.GatewayLoggingFilter      : gateway_request method=GET path=/pos-sessions status=200 OK durationMs=7
2026-04-01T14:57:02.683+07:00  INFO 87229 --- [api-gateway] [tor-http-nio-11] c.f.a.security.GatewayLoggingFilter      : gateway_request method=POST path=/sale-orders/11/payments status=409 CONFLICT durationMs=24
2026-04-01T14:57:16.387+07:00  INFO 87229 --- [api-gateway] [tor-http-nio-12] c.f.a.security.GatewayLoggingFilter      : gateway_request method=POST path=/sale-orders/11/payments status=200 OK durationMs=20
2026-04-01T14:57:32.591+07:00  INFO 87229 --- [api-gateway] [ctor-http-nio-1] c.f.a.security.GatewayLoggingFilter      : gateway_request method=POST path=/pos-sessions/10/close status=409 CONFLICT durationMs=13
2026-04-01T14:57:33.669+07:00  INFO 87229 --- [api-gateway] [ctor-http-nio-1] c.f.a.security.GatewayLoggingFilter      : gateway_request method=POST path=/pos-sessions/10/close status=409 CONFLICT durationMs=14
2026-04-01T14:57:33.884+07:00  INFO 87229 --- [api-gateway] [ctor-http-nio-1] c.f.a.security.GatewayLoggingFilter      : gateway_request method=POST path=/pos-sessions/10/close status=409 CONFLICT durationMs=17
2026-04-01T14:57:42.136+07:00  INFO 87229 --- [api-gateway] [ctor-http-nio-2] c.f.a.security.GatewayLoggingFilter      : gateway_request method=POST path=/pos-sessions/10/close status=409 CONFLICT durationMs=16
2026-04-01T14:58:01.307+07:00  INFO 87229 --- [api-gateway] [ctor-http-nio-3] c.f.a.security.GatewayLoggingFilter      : gateway_request method=POST path=/sale-orders status=200 OK durationMs=51
2026-04-01T14:58:01.320+07:00  INFO 87229 --- [api-gateway] [ctor-http-nio-3] c.f.a.security.GatewayLoggingFilter      : gateway_request method=GET path=/pos-sessions status=200 OK durationMs=8
2026-04-01T14:58:03.966+07:00  INFO 87229 --- [api-gateway] [ctor-http-nio-3] c.f.a.security.GatewayLoggingFilter      : gateway_request method=PATCH path=/sale-orders/12 status=200 OK durationMs=51
2026-04-01T14:58:05.906+07:00  INFO 87229 --- [api-gateway] [ctor-http-nio-3] c.f.a.security.GatewayLoggingFilter      : gateway_request method=POST path=/sale-orders/12/payments status=200 OK durationMs=32
2026-04-01T14:58:14.522+07:00  INFO 87229 --- [api-gateway] [ctor-http-nio-4] c.f.a.security.GatewayLoggingFilter      : gateway_request method=POST path=/sale-orders/12/complete status=409 CONFLICT durationMs=39
2026-04-01T14:58:15.301+07:00  INFO 87229 --- [api-gateway] [ctor-http-nio-4] c.f.a.security.GatewayLoggingFilter      : gateway_request method=POST path=/sale-orders/12/complete status=409 CONFLICT durationMs=38
2026-04-01T14:58:15.530+07:00  INFO 87229 --- [api-gateway] [ctor-http-nio-4] c.f.a.security.GatewayLoggingFilter      : gateway_request method=POST path=/sale-orders/12/complete status=409 CONFLICT durationMs=31
2026-04-01T14:58:41.588+07:00  INFO 87229 --- [api-gateway] [undedElastic-34] c.f.a.security.GatewayLoggingFilter      : gateway_request method=GET path=/products status=401 UNAUTHORIZED durationMs=5
2026-04-01T14:58:41.588+07:00  INFO 87229 --- [api-gateway] [undedElastic-33] c.f.a.security.GatewayLoggingFilter      : gateway_request method=GET path=/product-categories status=401 UNAUTHORIZED durationMs=4
2026-04-01T14:58:41.618+07:00  INFO 87229 --- [api-gateway] [ctor-http-nio-5] c.f.a.security.GatewayLoggingFilter      : gateway_request method=POST path=/auth/refresh status=200 OK durationMs=26
2026-04-01T14:58:41.619+07:00  INFO 87229 --- [api-gateway] [ctor-http-nio-6] c.f.a.security.GatewayLoggingFilter      : gateway_request method=POST path=/auth/refresh status=200 OK durationMs=28
2026-04-01T14:58:41.640+07:00  INFO 87229 --- [api-gateway] [ctor-http-nio-5] c.f.a.security.GatewayLoggingFilter      : gateway_request method=GET path=/product-categories status=403 FORBIDDEN durationMs=12
2026-04-01T14:58:41.646+07:00  INFO 87229 --- [api-gateway] [ctor-http-nio-6] c.f.a.security.GatewayLoggingFilter      : gateway_request method=GET path=/products status=200 OK durationMs=11
2026-04-01T14:58:48.172+07:00  INFO 87229 --- [api-gateway] [tor-http-nio-12] c.f.a.security.GatewayLoggingFilter      : gateway_request method=GET path=/product-categories status=403 FORBIDDEN durationMs=6
2026-04-01T14:58:48.177+07:00  INFO 87229 --- [api-gateway] [tor-http-nio-11] c.f.a.security.GatewayLoggingFilter      : gateway_request method=GET path=/products status=200 OK durationMs=11
2026-04-01T14:59:04.724+07:00  INFO 87229 --- [api-gateway] [ctor-http-nio-1] c.f.a.security.GatewayLoggingFilter      : gateway_request method=GET path=/product-categories status=403 FORBIDDEN durationMs=10
2026-04-01T14:59:10.857+07:00  INFO 87229 --- [api-gateway] [ctor-http-nio-2] c.f.a.security.GatewayLoggingFilter      : gateway_request method=GET path=/pos-sessions status=200 OK durationMs=16
2026-04-01T14:59:10.888+07:00  INFO 87229 --- [api-gateway] [ctor-http-nio-2] c.f.a.security.GatewayLoggingFilter      : gateway_request method=GET path=/products status=200 OK durationMs=11
2026-04-01T14:59:10.888+07:00  INFO 87229 --- [api-gateway] [ctor-http-nio-3] c.f.a.security.GatewayLoggingFilter      : gateway_request method=GET path=/product-prices status=200 OK durationMs=11
2026-04-01T14:59:10.888+07:00  INFO 87229 --- [api-gateway] [ctor-http-nio-4] c.f.a.security.GatewayLoggingFilter      : gateway_request method=GET path=/product-availability status=200 OK durationMs=11
2026-04-01T14:59:18.752+07:00  INFO 87229 --- [api-gateway] [ctor-http-nio-6] c.f.a.security.GatewayLoggingFilter      : gateway_request method=POST path=/sale-orders status=200 OK durationMs=38
2026-04-01T14:59:18.764+07:00  INFO 87229 --- [api-gateway] [ctor-http-nio-6] c.f.a.security.GatewayLoggingFilter      : gateway_request method=GET path=/pos-sessions status=200 OK durationMs=8
2026-04-01T14:59:20.145+07:00  INFO 87229 --- [api-gateway] [ctor-http-nio-6] c.f.a.security.GatewayLoggingFilter      : gateway_request method=POST path=/sale-orders/13/payments status=200 OK durationMs=27
2026-04-01T14:59:32.645+07:00  INFO 87229 --- [api-gateway] [ctor-http-nio-7] c.f.a.security.GatewayLoggingFilter      : gateway_request method=POST path=/sale-orders/13/complete status=409 CONFLICT durationMs=37
2026-04-01T14:59:33.602+07:00  INFO 87229 --- [api-gateway] [ctor-http-nio-7] c.f.a.security.GatewayLoggingFilter      : gateway_request method=POST path=/sale-orders/13/complete status=503 SERVICE_UNAVAILABLE durationMs=14
2026-04-01T14:59:33.826+07:00  INFO 87229 --- [api-gateway] [ctor-http-nio-7] c.f.a.security.GatewayLoggingFilter      : gateway_request method=POST path=/sale-orders/13/complete status=503 SERVICE_UNAVAILABLE durationMs=15
2026-04-01T14:59:34.029+07:00  INFO 87229 --- [api-gateway] [ctor-http-nio-7] c.f.a.security.GatewayLoggingFilter      : gateway_request method=POST path=/sale-orders/13/complete status=503 SERVICE_UNAVAILABLE durationMs=18
2026-04-01T14:59:34.256+07:00  INFO 87229 --- [api-gateway] [ctor-http-nio-7] c.f.a.security.GatewayLoggingFilter      : gateway_request method=POST path=/sale-orders/13/complete status=503 SERVICE_UNAVAILABLE durationMs=17
2026-04-01T14:59:34.488+07:00  INFO 87229 --- [api-gateway] [ctor-http-nio-7] c.f.a.security.GatewayLoggingFilter      : gateway_request method=POST path=/sale-orders/13/complete status=503 SERVICE_UNAVAILABLE durationMs=16
2026-04-01T15:03:04.806+07:00  INFO 87229 --- [api-gateway] [    parallel-11] c.f.a.security.GatewayLoggingFilter      : gateway_request method=GET path=/actuator/circuitbreakers status=404 NOT_FOUND durationMs=23
2026-04-01T15:03:04.951+07:00  INFO 87229 --- [api-gateway] [undedElastic-41] c.f.a.security.GatewayLoggingFilter      : gateway_request method=GET path=/actuator/health status=200 OK durationMs=22
2026-04-01T15:05:43.993+07:00  INFO 87229 --- [api-gateway] [ctor-http-nio-2] c.f.a.security.GatewayLoggingFilter      : gateway_request method=POST path=/auth/refresh status=200 OK durationMs=73
2026-04-01T15:07:43.719+07:00  INFO 87229 --- [api-gateway] [ctor-http-nio-4] c.f.a.security.GatewayLoggingFilter      : gateway_request method=GET path=/pos-sessions status=500 INTERNAL_SERVER_ERROR durationMs=172
2026-04-01T15:07:43.726+07:00  INFO 87229 --- [api-gateway] [ctor-http-nio-6] c.f.a.security.GatewayLoggingFilter      : gateway_request method=GET path=/sale-orders status=500 INTERNAL_SERVER_ERROR durationMs=6
2026-04-01T15:10:54.503+07:00  INFO 87229 --- [api-gateway] [ctor-http-nio-8] c.f.a.security.GatewayLoggingFilter      : gateway_request method=GET path=/pos-sessions status=200 OK durationMs=51
2026-04-01T15:10:54.543+07:00  INFO 87229 --- [api-gateway] [ctor-http-nio-8] c.f.a.security.GatewayLoggingFilter      : gateway_request method=GET path=/products status=200 OK durationMs=24
2026-04-01T15:10:54.543+07:00  INFO 87229 --- [api-gateway] [tor-http-nio-11] c.f.a.security.GatewayLoggingFilter      : gateway_request method=GET path=/product-availability status=200 OK durationMs=23
2026-04-01T15:10:54.543+07:00  INFO 87229 --- [api-gateway] [tor-http-nio-10] c.f.a.security.GatewayLoggingFilter      : gateway_request method=GET path=/product-prices status=200 OK durationMs=24
2026-04-01T15:13:00.339+07:00  INFO 87229 --- [api-gateway] [ctor-http-nio-3] c.f.a.security.GatewayLoggingFilter      : gateway_request method=POST path=/sale-orders status=200 OK durationMs=134
2026-04-01T15:13:00.352+07:00  INFO 87229 --- [api-gateway] [ctor-http-nio-3] c.f.a.security.GatewayLoggingFilter      : gateway_request method=GET path=/pos-sessions status=200 OK durationMs=9
2026-04-01T15:13:28.152+07:00  INFO 87229 --- [api-gateway] [ctor-http-nio-5] c.f.a.security.GatewayLoggingFilter      : gateway_request method=POST path=/sale-orders/14/payments status=200 OK durationMs=30
2026-04-01T15:14:58.371+07:00  INFO 87229 --- [api-gateway] [undedElastic-48] c.f.a.security.GatewayLoggingFilter      : gateway_request method=GET path=/sale-orders/14 status=401 UNAUTHORIZED durationMs=4
2026-04-01T15:14:58.433+07:00  INFO 87229 --- [api-gateway] [ctor-http-nio-6] c.f.a.security.GatewayLoggingFilter      : gateway_request method=POST path=/auth/refresh status=200 OK durationMs=58
2026-04-01T15:14:58.451+07:00  INFO 87229 --- [api-gateway] [ctor-http-nio-6] c.f.a.security.GatewayLoggingFilter      : gateway_request method=GET path=/sale-orders/14 status=200 OK durationMs=10
2026-04-01T15:15:38.969+07:00  INFO 87229 --- [api-gateway] [ctor-http-nio-9] c.f.a.security.GatewayLoggingFilter      : gateway_request method=POST path=/sale-orders/14/complete status=409 CONFLICT durationMs=94
2026-04-01T15:16:00.541+07:00  INFO 87229 --- [api-gateway] [tor-http-nio-10] c.f.a.security.GatewayLoggingFilter      : gateway_request method=POST path=/sale-orders/14/complete status=409 CONFLICT durationMs=50
2026-04-01T15:19:20.545+07:00  INFO 87229 --- [api-gateway] [tor-http-nio-11] c.f.a.security.GatewayLoggingFilter      : gateway_request method=POST path=/auth/refresh status=200 OK durationMs=74
2026-04-01T15:19:28.479+07:00  INFO 87229 --- [api-gateway] [ctor-http-nio-1] c.f.a.security.GatewayLoggingFilter      : gateway_request method=GET path=/pos-sessions status=200 OK durationMs=37
2026-04-01T15:19:28.532+07:00  INFO 87229 --- [api-gateway] [ctor-http-nio-3] c.f.a.security.GatewayLoggingFilter      : gateway_request method=GET path=/product-prices status=200 OK durationMs=39
2026-04-01T15:19:28.532+07:00  INFO 87229 --- [api-gateway] [ctor-http-nio-1] c.f.a.security.GatewayLoggingFilter      : gateway_request method=GET path=/products status=200 OK durationMs=42
2026-04-01T15:19:28.532+07:00  INFO 87229 --- [api-gateway] [ctor-http-nio-4] c.f.a.security.GatewayLoggingFilter      : gateway_request method=GET path=/product-availability status=200 OK durationMs=39
2026-04-01T15:19:36.807+07:00  INFO 87229 --- [api-gateway] [ctor-http-nio-8] c.f.a.security.GatewayLoggingFilter      : gateway_request method=POST path=/sale-orders status=200 OK durationMs=54
2026-04-01T15:19:36.821+07:00  INFO 87229 --- [api-gateway] [ctor-http-nio-8] c.f.a.security.GatewayLoggingFilter      : gateway_request method=GET path=/pos-sessions status=200 OK durationMs=9
2026-04-01T15:19:39.448+07:00  INFO 87229 --- [api-gateway] [ctor-http-nio-8] c.f.a.security.GatewayLoggingFilter      : gateway_request method=POST path=/sale-orders/15/payments status=200 OK durationMs=21
2026-04-01T15:19:44.681+07:00  INFO 87229 --- [api-gateway] [ctor-http-nio-9] c.f.a.security.GatewayLoggingFilter      : gateway_request method=POST path=/sale-orders/15/complete status=503 SERVICE_UNAVAILABLE durationMs=16
2026-04-01T15:19:45.210+07:00  INFO 87229 --- [api-gateway] [ctor-http-nio-9] c.f.a.security.GatewayLoggingFilter      : gateway_request method=POST path=/sale-orders/15/complete status=503 SERVICE_UNAVAILABLE durationMs=19
2026-04-01T15:19:45.400+07:00  INFO 87229 --- [api-gateway] [ctor-http-nio-9] c.f.a.security.GatewayLoggingFilter      : gateway_request method=POST path=/sale-orders/15/complete status=503 SERVICE_UNAVAILABLE durationMs=22
2026-04-01T15:19:45.594+07:00  INFO 87229 --- [api-gateway] [ctor-http-nio-9] c.f.a.security.GatewayLoggingFilter      : gateway_request method=POST path=/sale-orders/15/complete status=503 SERVICE_UNAVAILABLE durationMs=16
2026-04-01T15:19:46.162+07:00  INFO 87229 --- [api-gateway] [ctor-http-nio-9] c.f.a.security.GatewayLoggingFilter      : gateway_request method=POST path=/sale-orders/15/complete status=503 SERVICE_UNAVAILABLE durationMs=16
2026-04-01T15:19:46.361+07:00  INFO 87229 --- [api-gateway] [ctor-http-nio-9] c.f.a.security.GatewayLoggingFilter      : gateway_request method=POST path=/sale-orders/15/complete status=503 SERVICE_UNAVAILABLE durationMs=19
2026-04-01T15:20:29.370+07:00  INFO 87229 --- [api-gateway] [ctor-http-nio-3] c.f.a.security.GatewayLoggingFilter      : gateway_request method=POST path=/sale-orders/14/complete status=409 CONFLICT durationMs=147
2026-04-01T15:22:56.555+07:00  INFO 87229 --- [api-gateway] [ctor-http-nio-5] c.f.a.security.GatewayLoggingFilter      : gateway_request method=POST path=/sale-orders/14/complete status=200 OK durationMs=110
2026-04-01T15:23:03.488+07:00  INFO 87229 --- [api-gateway] [ctor-http-nio-7] c.f.a.security.GatewayLoggingFilter      : gateway_request method=POST path=/auth/refresh status=200 OK durationMs=32
2026-04-01T15:23:27.032+07:00  INFO 87229 --- [api-gateway] [ctor-http-nio-9] c.f.a.security.GatewayLoggingFilter      : gateway_request method=GET path=/sale-orders/15 status=200 OK durationMs=22
2026-04-01T15:23:28.116+07:00  INFO 87229 --- [api-gateway] [ctor-http-nio-9] c.f.a.security.GatewayLoggingFilter      : gateway_request method=GET path=/sale-orders/15 status=200 OK durationMs=10
2026-04-01T15:23:28.289+07:00  INFO 87229 --- [api-gateway] [tor-http-nio-10] c.f.a.security.GatewayLoggingFilter      : gateway_request method=GET path=/sale-orders/14 status=200 OK durationMs=7
2026-04-01T15:23:30.664+07:00  INFO 87229 --- [api-gateway] [ctor-http-nio-9] c.f.a.security.GatewayLoggingFilter      : gateway_request method=GET path=/sale-orders/15 status=200 OK durationMs=22
2026-04-01T15:23:31.520+07:00  INFO 87229 --- [api-gateway] [ctor-http-nio-9] c.f.a.security.GatewayLoggingFilter      : gateway_request method=GET path=/sale-orders/15 status=200 OK durationMs=14
2026-04-01T15:23:33.174+07:00  INFO 87229 --- [api-gateway] [ctor-http-nio-9] c.f.a.security.GatewayLoggingFilter      : gateway_request method=GET path=/sale-orders/15 status=200 OK durationMs=11
2026-04-01T15:23:34.064+07:00  INFO 87229 --- [api-gateway] [ctor-http-nio-9] c.f.a.security.GatewayLoggingFilter      : gateway_request method=GET path=/sale-orders/15 status=200 OK durationMs=18
2026-04-01T15:23:34.904+07:00  INFO 87229 --- [api-gateway] [ctor-http-nio-9] c.f.a.security.GatewayLoggingFilter      : gateway_request method=GET path=/sale-orders/15 status=200 OK durationMs=12
2026-04-01T15:23:35.648+07:00  INFO 87229 --- [api-gateway] [ctor-http-nio-9] c.f.a.security.GatewayLoggingFilter      : gateway_request method=GET path=/sale-orders/15 status=200 OK durationMs=19
2026-04-01T15:23:36.437+07:00  INFO 87229 --- [api-gateway] [ctor-http-nio-9] c.f.a.security.GatewayLoggingFilter      : gateway_request method=GET path=/sale-orders/15 status=200 OK durationMs=8
2026-04-01T15:23:37.203+07:00  INFO 87229 --- [api-gateway] [ctor-http-nio-9] c.f.a.security.GatewayLoggingFilter      : gateway_request method=GET path=/sale-orders/15 status=200 OK durationMs=7
2026-04-01T15:23:43.299+07:00  INFO 87229 --- [api-gateway] [tor-http-nio-11] c.f.a.security.GatewayLoggingFilter      : gateway_request method=POST path=/sale-orders/15/complete status=200 OK durationMs=88
2026-04-01T15:23:49.785+07:00  INFO 87229 --- [api-gateway] [tor-http-nio-12] c.f.a.security.GatewayLoggingFilter      : gateway_request method=GET path=/pos-sessions status=200 OK durationMs=14
2026-04-01T15:23:49.807+07:00  INFO 87229 --- [api-gateway] [ctor-http-nio-1] c.f.a.security.GatewayLoggingFilter      : gateway_request method=GET path=/product-prices status=200 OK durationMs=13
2026-04-01T15:23:49.807+07:00  INFO 87229 --- [api-gateway] [tor-http-nio-12] c.f.a.security.GatewayLoggingFilter      : gateway_request method=GET path=/products status=200 OK durationMs=14
2026-04-01T15:23:49.808+07:00  INFO 87229 --- [api-gateway] [ctor-http-nio-2] c.f.a.security.GatewayLoggingFilter      : gateway_request method=GET path=/product-availability status=200 OK durationMs=14
2026-04-01T15:23:57.065+07:00  INFO 87229 --- [api-gateway] [ctor-http-nio-6] c.f.a.security.GatewayLoggingFilter      : gateway_request method=POST path=/pos-sessions/10/close status=409 CONFLICT durationMs=16
2026-04-01T15:24:04.548+07:00  INFO 87229 --- [api-gateway] [ctor-http-nio-7] c.f.a.security.GatewayLoggingFilter      : gateway_request method=POST path=/pos-sessions/10/close status=409 CONFLICT durationMs=15
2026-04-01T15:24:12.115+07:00  INFO 87229 --- [api-gateway] [ctor-http-nio-8] c.f.a.security.GatewayLoggingFilter      : gateway_request method=POST path=/sale-orders status=200 OK durationMs=29
2026-04-01T15:24:12.126+07:00  INFO 87229 --- [api-gateway] [ctor-http-nio-8] c.f.a.security.GatewayLoggingFilter      : gateway_request method=GET path=/pos-sessions status=200 OK durationMs=6
2026-04-01T15:24:17.980+07:00  INFO 87229 --- [api-gateway] [ctor-http-nio-9] c.f.a.security.GatewayLoggingFilter      : gateway_request method=POST path=/sale-orders/16/payments status=200 OK durationMs=27
2026-04-01T15:24:21.807+07:00  INFO 87229 --- [api-gateway] [ctor-http-nio-9] c.f.a.security.GatewayLoggingFilter      : gateway_request method=POST path=/sale-orders/16/complete status=200 OK durationMs=62
2026-04-01T15:24:24.035+07:00  INFO 87229 --- [api-gateway] [ctor-http-nio-9] c.f.a.security.GatewayLoggingFilter      : gateway_request method=GET path=/pos-sessions/10 status=200 OK durationMs=14
2026-04-01T15:24:39.445+07:00  INFO 87229 --- [api-gateway] [tor-http-nio-10] c.f.a.security.GatewayLoggingFilter      : gateway_request method=GET path=/pos-sessions status=200 OK durationMs=11
2026-04-01T15:24:45.432+07:00  INFO 87229 --- [api-gateway] [tor-http-nio-11] c.f.a.security.GatewayLoggingFilter      : gateway_request method=POST path=/sale-orders status=200 OK durationMs=33
2026-04-01T15:24:45.443+07:00  INFO 87229 --- [api-gateway] [tor-http-nio-11] c.f.a.security.GatewayLoggingFilter      : gateway_request method=GET path=/pos-sessions status=200 OK durationMs=7
2026-04-01T15:24:50.333+07:00  INFO 87229 --- [api-gateway] [tor-http-nio-12] c.f.a.security.GatewayLoggingFilter      : gateway_request method=POST path=/sale-orders/17/payments status=200 OK durationMs=18
2026-04-01T15:24:56.159+07:00  INFO 87229 --- [api-gateway] [ctor-http-nio-1] c.f.a.security.GatewayLoggingFilter      : gateway_request method=POST path=/sale-orders/17/complete status=200 OK durationMs=58
2026-04-01T15:25:05.414+07:00  INFO 87229 --- [api-gateway] [ctor-http-nio-2] c.f.a.security.GatewayLoggingFilter      : gateway_request method=GET path=/suppliers status=200 OK durationMs=28
2026-04-01T15:25:14.220+07:00  INFO 87229 --- [api-gateway] [ctor-http-nio-4] c.f.a.security.GatewayLoggingFilter      : gateway_request method=GET path=/stock-balances status=200 OK durationMs=20
2026-04-01T15:25:18.102+07:00  INFO 87229 --- [api-gateway] [ctor-http-nio-4] c.f.a.security.GatewayLoggingFilter      : gateway_request method=GET path=/attendance-approvals status=200 OK durationMs=53
2026-04-01T15:25:19.683+07:00  INFO 87229 --- [api-gateway] [ctor-http-nio-4] c.f.a.security.GatewayLoggingFilter      : gateway_request method=GET path=/attendance-approvals/2 status=200 OK durationMs=22
2026-04-01T15:27:29.768+07:00  INFO 87229 --- [api-gateway] [ctor-http-nio-7] c.f.a.security.GatewayLoggingFilter      : gateway_request method=GET path=/pos-sessions status=200 OK durationMs=19
2026-04-01T15:27:46.703+07:00  INFO 87229 --- [api-gateway] [ctor-http-nio-9] c.f.a.security.GatewayLoggingFilter      : gateway_request method=GET path=/pos-sessions status=200 OK durationMs=6
2026-04-01T15:34:01.019+07:00  INFO 87229 --- [api-gateway] [tor-http-nio-10] c.f.a.security.GatewayLoggingFilter      : gateway_request method=POST path=/auth/refresh status=200 OK durationMs=185
2026-04-01T15:37:15.666+07:00  INFO 87229 --- [api-gateway] [tor-http-nio-12] c.f.a.security.GatewayLoggingFilter      : gateway_request method=GET path=/sale-orders/14 status=200 OK durationMs=26
2026-04-01T15:39:18.952+07:00  INFO 87229 --- [api-gateway] [undedElastic-59] c.f.a.security.GatewayLoggingFilter      : gateway_request method=GET path=/pos-sessions status=401 UNAUTHORIZED durationMs=16
2026-04-01T15:39:19.029+07:00  INFO 87229 --- [api-gateway] [ctor-http-nio-2] c.f.a.security.GatewayLoggingFilter      : gateway_request method=POST path=/auth/refresh status=200 OK durationMs=72
2026-04-01T15:39:19.058+07:00  INFO 87229 --- [api-gateway] [ctor-http-nio-2] c.f.a.security.GatewayLoggingFilter      : gateway_request method=GET path=/pos-sessions status=200 OK durationMs=20
2026-04-01T15:39:19.108+07:00  INFO 87229 --- [api-gateway] [ctor-http-nio-2] c.f.a.security.GatewayLoggingFilter      : gateway_request method=GET path=/products status=200 OK durationMs=30
2026-04-01T15:39:19.108+07:00  INFO 87229 --- [api-gateway] [ctor-http-nio-6] c.f.a.security.GatewayLoggingFilter      : gateway_request method=GET path=/product-availability status=200 OK durationMs=30
2026-04-01T15:39:19.112+07:00  INFO 87229 --- [api-gateway] [ctor-http-nio-5] c.f.a.security.GatewayLoggingFilter      : gateway_request method=GET path=/product-prices status=200 OK durationMs=33
2026-04-01T15:39:31.720+07:00  INFO 87229 --- [api-gateway] [tor-http-nio-10] c.f.a.security.GatewayLoggingFilter      : gateway_request method=GET path=/sale-orders/14 status=200 OK durationMs=10
2026-04-01T15:43:34.918+07:00  INFO 87229 --- [api-gateway] [tor-http-nio-11] c.f.a.security.GatewayLoggingFilter      : gateway_request method=POST path=/auth/refresh status=200 OK durationMs=85
2026-04-01T15:43:42.526+07:00  INFO 87229 --- [api-gateway] [ctor-http-nio-1] c.f.a.security.GatewayLoggingFilter      : gateway_request method=GET path=/pos-sessions status=200 OK durationMs=23
2026-04-01T15:43:42.558+07:00  INFO 87229 --- [api-gateway] [ctor-http-nio-4] c.f.a.security.GatewayLoggingFilter      : gateway_request method=GET path=/product-availability status=200 OK durationMs=23
2026-04-01T15:43:42.558+07:00  INFO 87229 --- [api-gateway] [ctor-http-nio-3] c.f.a.security.GatewayLoggingFilter      : gateway_request method=GET path=/product-prices status=200 OK durationMs=23
2026-04-01T15:43:42.558+07:00  INFO 87229 --- [api-gateway] [ctor-http-nio-1] c.f.a.security.GatewayLoggingFilter      : gateway_request method=GET path=/products status=200 OK durationMs=24
2026-04-01T15:43:49.652+07:00  INFO 87229 --- [api-gateway] [ctor-http-nio-8] c.f.a.security.GatewayLoggingFilter      : gateway_request method=POST path=/sale-orders status=200 OK durationMs=47
2026-04-01T15:43:49.663+07:00  INFO 87229 --- [api-gateway] [ctor-http-nio-8] c.f.a.security.GatewayLoggingFilter      : gateway_request method=GET path=/pos-sessions status=200 OK durationMs=7
2026-04-01T15:43:51.831+07:00  INFO 87229 --- [api-gateway] [ctor-http-nio-8] c.f.a.security.GatewayLoggingFilter      : gateway_request method=POST path=/sale-orders/18/payments status=200 OK durationMs=13
2026-04-01T15:43:55.715+07:00  INFO 87229 --- [api-gateway] [ctor-http-nio-8] c.f.a.security.GatewayLoggingFilter      : gateway_request method=POST path=/sale-orders/18/complete status=200 OK durationMs=79
2026-04-01T15:44:02.362+07:00  INFO 87229 --- [api-gateway] [ctor-http-nio-9] c.f.a.security.GatewayLoggingFilter      : gateway_request method=GET path=/pos-sessions status=200 OK durationMs=12
2026-04-01T15:44:04.311+07:00  INFO 87229 --- [api-gateway] [ctor-http-nio-9] c.f.a.security.GatewayLoggingFilter      : gateway_request method=GET path=/pos-sessions/10 status=200 OK durationMs=12
2026-04-01T15:44:55.182+07:00  INFO 87229 --- [api-gateway] [tor-http-nio-10] c.f.a.security.GatewayLoggingFilter      : gateway_request method=POST path=/pos-sessions/10/close status=409 CONFLICT durationMs=18
2026-04-01T15:44:59.474+07:00  INFO 87229 --- [api-gateway] [tor-http-nio-11] c.f.a.security.GatewayLoggingFilter      : gateway_request method=GET path=/pos-sessions/10 status=200 OK durationMs=6
2026-04-01T15:44:59.481+07:00  INFO 87229 --- [api-gateway] [tor-http-nio-12] c.f.a.security.GatewayLoggingFilter      : gateway_request method=GET path=/sale-orders status=500 INTERNAL_SERVER_ERROR durationMs=5
2026-04-01T15:44:59.486+07:00  INFO 87229 --- [api-gateway] [ctor-http-nio-1] c.f.a.security.GatewayLoggingFilter      : gateway_request method=GET path=/sale-orders status=500 INTERNAL_SERVER_ERROR durationMs=5
2026-04-01T15:45:02.689+07:00  INFO 87229 --- [api-gateway] [ctor-http-nio-4] c.f.a.security.GatewayLoggingFilter      : gateway_request method=GET path=/product-categories status=403 FORBIDDEN durationMs=10
2026-04-01T15:45:02.695+07:00  INFO 87229 --- [api-gateway] [ctor-http-nio-3] c.f.a.security.GatewayLoggingFilter      : gateway_request method=GET path=/products status=200 OK durationMs=17
2026-04-01T15:45:07.881+07:00  INFO 87229 --- [api-gateway] [ctor-http-nio-7] c.f.a.security.GatewayLoggingFilter      : gateway_request method=GET path=/suppliers status=200 OK durationMs=29
2026-04-01T15:45:22.749+07:00  INFO 87229 --- [api-gateway] [ctor-http-nio-9] c.f.a.security.GatewayLoggingFilter      : gateway_request method=POST path=/sale-orders status=200 OK durationMs=37
2026-04-01T15:45:22.761+07:00  INFO 87229 --- [api-gateway] [ctor-http-nio-9] c.f.a.security.GatewayLoggingFilter      : gateway_request method=GET path=/pos-sessions status=200 OK durationMs=6
2026-04-01T15:45:29.412+07:00  INFO 87229 --- [api-gateway] [tor-http-nio-11] c.f.a.security.GatewayLoggingFilter      : gateway_request method=POST path=/sale-orders/19/payments status=200 OK durationMs=14
2026-04-01T15:45:54.260+07:00  INFO 87229 --- [api-gateway] [tor-http-nio-12] c.f.a.security.GatewayLoggingFilter      : gateway_request method=GET path=/stock-balances status=200 OK durationMs=29
2026-04-01T15:46:00.388+07:00  INFO 87229 --- [api-gateway] [ctor-http-nio-2] c.f.a.security.GatewayLoggingFilter      : gateway_request method=GET path=/attendance-approvals status=200 OK durationMs=41
2026-04-01T15:46:02.800+07:00  INFO 87229 --- [api-gateway] [ctor-http-nio-2] c.f.a.security.GatewayLoggingFilter      : gateway_request method=GET path=/attendance-approvals/2 status=200 OK durationMs=16
2026-04-01T15:46:09.661+07:00  INFO 87229 --- [api-gateway] [ctor-http-nio-4] c.f.a.security.GatewayLoggingFilter      : gateway_request method=GET path=/attendance-events status=200 OK durationMs=19
2026-04-01T15:46:12.869+07:00  INFO 87229 --- [api-gateway] [ctor-http-nio-4] c.f.a.security.GatewayLoggingFilter      : gateway_request method=POST path=/attendance-events status=404 NOT_FOUND durationMs=92
2026-04-01T15:51:02.452+07:00  INFO 87229 --- [api-gateway] [ctor-http-nio-5] c.f.a.security.GatewayLoggingFilter      : gateway_request method=GET path=/sale-orders status=200 OK durationMs=280
2026-04-01T15:51:51.962+07:00  INFO 87229 --- [api-gateway] [ctor-http-nio-7] c.f.a.security.GatewayLoggingFilter      : gateway_request method=GET path=/pos-sessions status=200 OK durationMs=46
2026-04-01T15:51:52.047+07:00  INFO 87229 --- [api-gateway] [ctor-http-nio-9] c.f.a.security.GatewayLoggingFilter      : gateway_request method=GET path=/product-availability status=200 OK durationMs=70
2026-04-01T15:51:52.047+07:00  INFO 87229 --- [api-gateway] [ctor-http-nio-7] c.f.a.security.GatewayLoggingFilter      : gateway_request method=GET path=/products status=200 OK durationMs=71
2026-04-01T15:51:52.049+07:00  INFO 87229 --- [api-gateway] [ctor-http-nio-8] c.f.a.security.GatewayLoggingFilter      : gateway_request method=GET path=/product-prices status=200 OK durationMs=73
2026-04-01T15:51:53.492+07:00  INFO 87229 --- [api-gateway] [ctor-http-nio-7] c.f.a.security.GatewayLoggingFilter      : gateway_request method=POST path=/auth/refresh status=200 OK durationMs=183
2026-04-01T15:52:22.920+07:00  INFO 87229 --- [api-gateway] [ctor-http-nio-2] c.f.a.security.GatewayLoggingFilter      : gateway_request method=GET path=/pos-sessions/10 status=200 OK durationMs=24
2026-04-01T15:52:22.924+07:00  INFO 87229 --- [api-gateway] [ctor-http-nio-3] c.f.a.security.GatewayLoggingFilter      : gateway_request method=GET path=/sale-orders status=200 OK durationMs=24
2026-04-01T15:52:32.951+07:00  INFO 87229 --- [api-gateway] [ctor-http-nio-5] c.f.a.security.GatewayLoggingFilter      : gateway_request method=GET path=/sale-orders status=200 OK durationMs=21
2026-04-01T15:52:42.977+07:00  INFO 87229 --- [api-gateway] [ctor-http-nio-6] c.f.a.security.GatewayLoggingFilter      : gateway_request method=GET path=/sale-orders status=200 OK durationMs=20
2026-04-01T15:52:53.009+07:00  INFO 87229 --- [api-gateway] [ctor-http-nio-7] c.f.a.security.GatewayLoggingFilter      : gateway_request method=GET path=/sale-orders status=200 OK durationMs=26
2026-04-01T15:53:03.032+07:00  INFO 87229 --- [api-gateway] [ctor-http-nio-8] c.f.a.security.GatewayLoggingFilter      : gateway_request method=GET path=/sale-orders status=200 OK durationMs=18
2026-04-01T15:53:13.057+07:00  INFO 87229 --- [api-gateway] [ctor-http-nio-9] c.f.a.security.GatewayLoggingFilter      : gateway_request method=GET path=/sale-orders status=200 OK durationMs=18
2026-04-01T15:53:23.092+07:00  INFO 87229 --- [api-gateway] [tor-http-nio-10] c.f.a.security.GatewayLoggingFilter      : gateway_request method=GET path=/sale-orders status=200 OK durationMs=25
2026-04-01T15:53:33.128+07:00  INFO 87229 --- [api-gateway] [tor-http-nio-11] c.f.a.security.GatewayLoggingFilter      : gateway_request method=GET path=/sale-orders status=200 OK durationMs=22
2026-04-01T15:53:43.152+07:00  INFO 87229 --- [api-gateway] [tor-http-nio-12] c.f.a.security.GatewayLoggingFilter      : gateway_request method=GET path=/sale-orders status=200 OK durationMs=15
2026-04-01T15:53:43.775+07:00  INFO 87229 --- [api-gateway] [tor-http-nio-12] c.f.a.security.GatewayLoggingFilter      : gateway_request method=POST path=/auth/refresh status=200 OK durationMs=78
2026-04-01T15:53:46.449+07:00  INFO 87229 --- [api-gateway] [tor-http-nio-12] c.f.a.security.GatewayLoggingFilter      : gateway_request method=GET path=/attendance-events status=200 OK durationMs=31
2026-04-01T15:53:47.805+07:00  INFO 87229 --- [api-gateway] [tor-http-nio-12] c.f.a.security.GatewayLoggingFilter      : gateway_request method=GET path=/attendance-events status=200 OK durationMs=15
2026-04-01T15:53:50.082+07:00  INFO 87229 --- [api-gateway] [tor-http-nio-12] c.f.a.security.GatewayLoggingFilter      : gateway_request method=GET path=/pos-sessions status=200 OK durationMs=19
2026-04-01T15:53:50.117+07:00  INFO 87229 --- [api-gateway] [tor-http-nio-12] c.f.a.security.GatewayLoggingFilter      : gateway_request method=GET path=/products status=200 OK durationMs=26
2026-04-01T15:53:50.117+07:00  INFO 87229 --- [api-gateway] [ctor-http-nio-4] c.f.a.security.GatewayLoggingFilter      : gateway_request method=GET path=/product-availability status=200 OK durationMs=25
2026-04-01T15:53:50.120+07:00  INFO 87229 --- [api-gateway] [ctor-http-nio-3] c.f.a.security.GatewayLoggingFilter      : gateway_request method=GET path=/product-prices status=200 OK durationMs=29
2026-04-01T15:53:51.974+07:00  INFO 87229 --- [api-gateway] [tor-http-nio-12] c.f.a.security.GatewayLoggingFilter      : gateway_request method=GET path=/pos-sessions/10 status=200 OK durationMs=28
2026-04-01T15:53:51.986+07:00  INFO 87229 --- [api-gateway] [ctor-http-nio-3] c.f.a.security.GatewayLoggingFilter      : gateway_request method=GET path=/sale-orders status=200 OK durationMs=39
2026-04-01T15:53:53.193+07:00  INFO 87229 --- [api-gateway] [tor-http-nio-12] c.f.a.security.GatewayLoggingFilter      : gateway_request method=GET path=/sale-orders status=200 OK durationMs=31
2026-04-01T15:53:58.589+07:00  INFO 87229 --- [api-gateway] [ctor-http-nio-8] c.f.a.security.GatewayLoggingFilter      : gateway_request method=GET path=/sale-orders/19 status=200 OK durationMs=19
2026-04-01T15:54:01.704+07:00  INFO 87229 --- [api-gateway] [ctor-http-nio-8] c.f.a.security.GatewayLoggingFilter      : gateway_request method=POST path=/sale-orders/19/complete status=200 OK durationMs=124
2026-04-01T15:54:03.229+07:00  INFO 87229 --- [api-gateway] [ctor-http-nio-8] c.f.a.security.GatewayLoggingFilter      : gateway_request method=GET path=/sale-orders status=200 OK durationMs=26
2026-04-01T15:54:03.375+07:00  INFO 87229 --- [api-gateway] [ctor-http-nio-8] c.f.a.security.GatewayLoggingFilter      : gateway_request method=GET path=/sale-orders status=200 OK durationMs=27
2026-04-01T15:54:05.473+07:00  INFO 87229 --- [api-gateway] [ctor-http-nio-8] c.f.a.security.GatewayLoggingFilter      : gateway_request method=GET path=/sale-orders/13 status=200 OK durationMs=16
2026-04-01T15:54:07.513+07:00  INFO 87229 --- [api-gateway] [ctor-http-nio-8] c.f.a.security.GatewayLoggingFilter      : gateway_request method=POST path=/sale-orders/13/complete status=200 OK durationMs=63
2026-04-01T15:54:10.614+07:00  INFO 87229 --- [api-gateway] [ctor-http-nio-8] c.f.a.security.GatewayLoggingFilter      : gateway_request method=GET path=/sale-orders status=200 OK durationMs=21
2026-04-01T15:54:13.265+07:00  INFO 87229 --- [api-gateway] [ctor-http-nio-8] c.f.a.security.GatewayLoggingFilter      : gateway_request method=GET path=/sale-orders status=200 OK durationMs=24
2026-04-01T15:54:15.438+07:00  INFO 87229 --- [api-gateway] [ctor-http-nio-8] c.f.a.security.GatewayLoggingFilter      : gateway_request method=GET path=/sale-orders/12 status=200 OK durationMs=13
2026-04-01T15:54:17.756+07:00  INFO 87229 --- [api-gateway] [ctor-http-nio-8] c.f.a.security.GatewayLoggingFilter      : gateway_request method=POST path=/sale-orders/12/complete status=200 OK durationMs=40
2026-04-01T15:54:19.252+07:00  INFO 87229 --- [api-gateway] [ctor-http-nio-8] c.f.a.security.GatewayLoggingFilter      : gateway_request method=GET path=/sale-orders status=200 OK durationMs=15
2026-04-01T15:54:21.962+07:00  INFO 87229 --- [api-gateway] [ctor-http-nio-8] c.f.a.security.GatewayLoggingFilter      : gateway_request method=GET path=/sale-orders/11 status=200 OK durationMs=22
2026-04-01T15:54:23.294+07:00  INFO 87229 --- [api-gateway] [ctor-http-nio-8] c.f.a.security.GatewayLoggingFilter      : gateway_request method=GET path=/sale-orders status=200 OK durationMs=19
2026-04-01T15:54:24.153+07:00  INFO 87229 --- [api-gateway] [ctor-http-nio-8] c.f.a.security.GatewayLoggingFilter      : gateway_request method=POST path=/sale-orders/11/complete status=200 OK durationMs=49
2026-04-01T15:54:26.766+07:00  INFO 87229 --- [api-gateway] [ctor-http-nio-8] c.f.a.security.GatewayLoggingFilter      : gateway_request method=GET path=/sale-orders status=200 OK durationMs=13
2026-04-01T15:54:28.737+07:00  INFO 87229 --- [api-gateway] [ctor-http-nio-8] c.f.a.security.GatewayLoggingFilter      : gateway_request method=GET path=/sale-orders/10 status=200 OK durationMs=12
2026-04-01T15:54:31.491+07:00  INFO 87229 --- [api-gateway] [ctor-http-nio-8] c.f.a.security.GatewayLoggingFilter      : gateway_request method=POST path=/sale-orders/10/complete status=200 OK durationMs=61
2026-04-01T15:54:33.319+07:00  INFO 87229 --- [api-gateway] [ctor-http-nio-8] c.f.a.security.GatewayLoggingFilter      : gateway_request method=GET path=/sale-orders status=200 OK durationMs=18
2026-04-01T15:54:34.638+07:00  INFO 87229 --- [api-gateway] [ctor-http-nio-8] c.f.a.security.GatewayLoggingFilter      : gateway_request method=GET path=/sale-orders status=200 OK durationMs=21
2026-04-01T15:54:37.791+07:00  INFO 87229 --- [api-gateway] [ctor-http-nio-8] c.f.a.security.GatewayLoggingFilter      : gateway_request method=POST path=/pos-sessions/10/close status=200 OK durationMs=19
2026-04-01T15:54:43.260+07:00  INFO 87229 --- [api-gateway] [ctor-http-nio-9] c.f.a.security.GatewayLoggingFilter      : gateway_request method=GET path=/pos-sessions status=200 OK durationMs=11
2026-04-01T15:54:43.346+07:00  INFO 87229 --- [api-gateway] [ctor-http-nio-9] c.f.a.security.GatewayLoggingFilter      : gateway_request method=GET path=/sale-orders status=200 OK durationMs=20
2026-04-01T15:54:53.373+07:00  INFO 87229 --- [api-gateway] [tor-http-nio-10] c.f.a.security.GatewayLoggingFilter      : gateway_request method=GET path=/sale-orders status=200 OK durationMs=19
2026-04-01T15:54:55.589+07:00  INFO 87229 --- [api-gateway] [tor-http-nio-11] c.f.a.security.GatewayLoggingFilter      : gateway_request method=GET path=/product-categories status=403 FORBIDDEN durationMs=10
2026-04-01T15:54:55.594+07:00  INFO 87229 --- [api-gateway] [tor-http-nio-10] c.f.a.security.GatewayLoggingFilter      : gateway_request method=GET path=/products status=200 OK durationMs=15
2026-04-01T15:55:03.405+07:00  INFO 87229 --- [api-gateway] [ctor-http-nio-2] c.f.a.security.GatewayLoggingFilter      : gateway_request method=GET path=/sale-orders status=200 OK durationMs=22
2026-04-01T15:55:13.445+07:00  INFO 87229 --- [api-gateway] [ctor-http-nio-3] c.f.a.security.GatewayLoggingFilter      : gateway_request method=GET path=/sale-orders status=200 OK durationMs=26
2026-04-01T15:55:23.458+07:00  INFO 87229 --- [api-gateway] [undedElastic-65] c.f.a.security.GatewayLoggingFilter      : gateway_request method=GET path=/sale-orders status=401 UNAUTHORIZED durationMs=4
2026-04-01T15:55:23.527+07:00  INFO 87229 --- [api-gateway] [ctor-http-nio-4] c.f.a.security.GatewayLoggingFilter      : gateway_request method=POST path=/auth/refresh status=200 OK durationMs=56
2026-04-01T15:55:23.570+07:00  INFO 87229 --- [api-gateway] [ctor-http-nio-4] c.f.a.security.GatewayLoggingFilter      : gateway_request method=GET path=/sale-orders status=200 OK durationMs=17
2026-04-01T15:55:33.635+07:00  INFO 87229 --- [api-gateway] [ctor-http-nio-6] c.f.a.security.GatewayLoggingFilter      : gateway_request method=GET path=/sale-orders status=200 OK durationMs=49
2026-04-01T15:55:43.661+07:00  INFO 87229 --- [api-gateway] [ctor-http-nio-7] c.f.a.security.GatewayLoggingFilter      : gateway_request method=GET path=/sale-orders status=200 OK durationMs=17
2026-04-01T15:55:53.685+07:00  INFO 87229 --- [api-gateway] [ctor-http-nio-8] c.f.a.security.GatewayLoggingFilter      : gateway_request method=GET path=/sale-orders status=200 OK durationMs=13
2026-04-01T15:55:54.862+07:00  INFO 87229 --- [api-gateway] [ctor-http-nio-8] c.f.a.security.GatewayLoggingFilter      : gateway_request method=POST path=/auth/logout status=204 NO_CONTENT durationMs=25
2026-04-01T15:56:01.699+07:00  INFO 87229 --- [api-gateway] [ctor-http-nio-9] c.f.a.security.GatewayLoggingFilter      : gateway_request method=POST path=/auth/login status=200 OK durationMs=119
2026-04-01T15:56:03.720+07:00  INFO 87229 --- [api-gateway] [ctor-http-nio-9] c.f.a.security.GatewayLoggingFilter      : gateway_request method=GET path=/sale-orders status=200 OK durationMs=21
2026-04-01T15:56:13.751+07:00  INFO 87229 --- [api-gateway] [tor-http-nio-10] c.f.a.security.GatewayLoggingFilter      : gateway_request method=GET path=/sale-orders status=200 OK durationMs=21
2026-04-01T15:56:15.472+07:00  INFO 87229 --- [api-gateway] [tor-http-nio-10] c.f.a.security.GatewayLoggingFilter      : gateway_request method=GET path=/product-categories status=403 FORBIDDEN durationMs=18
2026-04-01T15:56:23.781+07:00  INFO 87229 --- [api-gateway] [tor-http-nio-12] c.f.a.security.GatewayLoggingFilter      : gateway_request method=GET path=/sale-orders status=200 OK durationMs=20
2026-04-01T15:56:33.809+07:00  INFO 87229 --- [api-gateway] [ctor-http-nio-1] c.f.a.security.GatewayLoggingFilter      : gateway_request method=GET path=/sale-orders status=200 OK durationMs=18
2026-04-01T15:56:43.825+07:00  INFO 87229 --- [api-gateway] [ctor-http-nio-2] c.f.a.security.GatewayLoggingFilter      : gateway_request method=GET path=/sale-orders status=200 OK durationMs=10
2026-04-01T15:56:53.845+07:00  INFO 87229 --- [api-gateway] [ctor-http-nio-3] c.f.a.security.GatewayLoggingFilter      : gateway_request method=GET path=/sale-orders status=200 OK durationMs=12
2026-04-01T15:57:03.871+07:00  INFO 87229 --- [api-gateway] [ctor-http-nio-4] c.f.a.security.GatewayLoggingFilter      : gateway_request method=GET path=/sale-orders status=200 OK durationMs=15
2026-04-01T15:57:13.890+07:00  INFO 87229 --- [api-gateway] [ctor-http-nio-5] c.f.a.security.GatewayLoggingFilter      : gateway_request method=GET path=/sale-orders status=200 OK durationMs=12
2026-04-01T15:57:23.925+07:00  INFO 87229 --- [api-gateway] [ctor-http-nio-6] c.f.a.security.GatewayLoggingFilter      : gateway_request method=GET path=/sale-orders status=200 OK durationMs=25
2026-04-01T15:57:33.954+07:00  INFO 87229 --- [api-gateway] [ctor-http-nio-7] c.f.a.security.GatewayLoggingFilter      : gateway_request method=GET path=/sale-orders status=200 OK durationMs=18
2026-04-01T15:57:43.995+07:00  INFO 87229 --- [api-gateway] [ctor-http-nio-8] c.f.a.security.GatewayLoggingFilter      : gateway_request method=GET path=/sale-orders status=200 OK durationMs=30
2026-04-01T15:57:54.037+07:00  INFO 87229 --- [api-gateway] [ctor-http-nio-9] c.f.a.security.GatewayLoggingFilter      : gateway_request method=GET path=/sale-orders status=200 OK durationMs=29
2026-04-01T15:58:04.076+07:00  INFO 87229 --- [api-gateway] [tor-http-nio-10] c.f.a.security.GatewayLoggingFilter      : gateway_request method=GET path=/sale-orders status=200 OK durationMs=28
2026-04-01T15:58:14.113+07:00  INFO 87229 --- [api-gateway] [tor-http-nio-11] c.f.a.security.GatewayLoggingFilter      : gateway_request method=GET path=/sale-orders status=200 OK durationMs=23
2026-04-01T15:58:23.123+07:00  INFO 87229 --- [api-gateway] [tor-http-nio-12] c.f.a.security.GatewayLoggingFilter      : gateway_request method=GET path=/pos-sessions status=200 OK durationMs=10
2026-04-01T15:58:23.208+07:00  INFO 87229 --- [api-gateway] [ctor-http-nio-1] c.f.a.security.GatewayLoggingFilter      : gateway_request method=GET path=/pos-sessions status=200 OK durationMs=7
2026-04-01T15:58:23.214+07:00  INFO 87229 --- [api-gateway] [ctor-http-nio-2] c.f.a.security.GatewayLoggingFilter      : gateway_request method=GET path=/pos-sessions status=200 OK durationMs=4
2026-04-01T15:58:24.155+07:00  INFO 87229 --- [api-gateway] [ctor-http-nio-3] c.f.a.security.GatewayLoggingFilter      : gateway_request method=GET path=/sale-orders status=200 OK durationMs=30
2026-04-01T15:58:34.186+07:00  INFO 87229 --- [api-gateway] [ctor-http-nio-4] c.f.a.security.GatewayLoggingFilter      : gateway_request method=GET path=/sale-orders status=200 OK durationMs=17
2026-04-01T15:58:44.212+07:00  INFO 87229 --- [api-gateway] [ctor-http-nio-5] c.f.a.security.GatewayLoggingFilter      : gateway_request method=GET path=/sale-orders status=200 OK durationMs=18
2026-04-01T15:58:54.242+07:00  INFO 87229 --- [api-gateway] [ctor-http-nio-6] c.f.a.security.GatewayLoggingFilter      : gateway_request method=GET path=/sale-orders status=200 OK durationMs=20
2026-04-01T15:59:04.270+07:00  INFO 87229 --- [api-gateway] [ctor-http-nio-7] c.f.a.security.GatewayLoggingFilter      : gateway_request method=GET path=/sale-orders status=200 OK durationMs=19
2026-04-01T15:59:14.293+07:00  INFO 87229 --- [api-gateway] [ctor-http-nio-8] c.f.a.security.GatewayLoggingFilter      : gateway_request method=GET path=/sale-orders status=200 OK durationMs=14
2026-04-01T15:59:15.558+07:00  INFO 87229 --- [api-gateway] [ctor-http-nio-9] c.f.a.security.GatewayLoggingFilter      : gateway_request method=GET path=/pos-sessions status=200 OK durationMs=8
2026-04-01T15:59:15.572+07:00  INFO 87229 --- [api-gateway] [tor-http-nio-10] c.f.a.security.GatewayLoggingFilter      : gateway_request method=GET path=/sale-orders status=200 OK durationMs=12
2026-04-01T15:59:24.316+07:00  INFO 87229 --- [api-gateway] [tor-http-nio-11] c.f.a.security.GatewayLoggingFilter      : gateway_request method=GET path=/sale-orders status=200 OK durationMs=15
2026-04-01T15:59:34.339+07:00  INFO 87229 --- [api-gateway] [tor-http-nio-12] c.f.a.security.GatewayLoggingFilter      : gateway_request method=GET path=/sale-orders status=200 OK durationMs=14
2026-04-01T15:59:44.370+07:00  INFO 87229 --- [api-gateway] [ctor-http-nio-1] c.f.a.security.GatewayLoggingFilter      : gateway_request method=GET path=/sale-orders status=200 OK durationMs=20
2026-04-01T15:59:54.396+07:00  INFO 87229 --- [api-gateway] [ctor-http-nio-2] c.f.a.security.GatewayLoggingFilter      : gateway_request method=GET path=/sale-orders status=200 OK durationMs=14
2026-04-01T16:00:04.436+07:00  INFO 87229 --- [api-gateway] [ctor-http-nio-3] c.f.a.security.GatewayLoggingFilter      : gateway_request method=GET path=/sale-orders status=200 OK durationMs=30
2026-04-01T16:00:14.466+07:00  INFO 87229 --- [api-gateway] [ctor-http-nio-4] c.f.a.security.GatewayLoggingFilter      : gateway_request method=GET path=/sale-orders status=200 OK durationMs=20
2026-04-01T16:00:24.495+07:00  INFO 87229 --- [api-gateway] [ctor-http-nio-5] c.f.a.security.GatewayLoggingFilter      : gateway_request method=GET path=/sale-orders status=200 OK durationMs=20
2026-04-01T16:00:34.524+07:00  INFO 87229 --- [api-gateway] [ctor-http-nio-6] c.f.a.security.GatewayLoggingFilter      : gateway_request method=GET path=/sale-orders status=200 OK durationMs=20
2026-04-01T16:00:44.554+07:00  INFO 87229 --- [api-gateway] [ctor-http-nio-7] c.f.a.security.GatewayLoggingFilter      : gateway_request method=GET path=/sale-orders status=200 OK durationMs=19
2026-04-01T16:00:54.584+07:00  INFO 87229 --- [api-gateway] [ctor-http-nio-8] c.f.a.security.GatewayLoggingFilter      : gateway_request method=GET path=/sale-orders status=200 OK durationMs=20
2026-04-01T16:01:04.619+07:00  INFO 87229 --- [api-gateway] [ctor-http-nio-9] c.f.a.security.GatewayLoggingFilter      : gateway_request method=GET path=/sale-orders status=200 OK durationMs=22
2026-04-01T16:01:14.647+07:00  INFO 87229 --- [api-gateway] [tor-http-nio-10] c.f.a.security.GatewayLoggingFilter      : gateway_request method=GET path=/sale-orders status=200 OK durationMs=19
2026-04-01T16:01:24.700+07:00  INFO 87229 --- [api-gateway] [tor-http-nio-11] c.f.a.security.GatewayLoggingFilter      : gateway_request method=GET path=/sale-orders status=200 OK durationMs=39
2026-04-01T16:01:34.741+07:00  INFO 87229 --- [api-gateway] [tor-http-nio-12] c.f.a.security.GatewayLoggingFilter      : gateway_request method=GET path=/sale-orders status=200 OK durationMs=25
2026-04-01T16:01:44.760+07:00  INFO 87229 --- [api-gateway] [ctor-http-nio-1] c.f.a.security.GatewayLoggingFilter      : gateway_request method=GET path=/sale-orders status=200 OK durationMs=10
2026-04-01T16:01:54.787+07:00  INFO 87229 --- [api-gateway] [ctor-http-nio-2] c.f.a.security.GatewayLoggingFilter      : gateway_request method=GET path=/sale-orders status=200 OK durationMs=17
2026-04-01T16:02:04.813+07:00  INFO 87229 --- [api-gateway] [ctor-http-nio-3] c.f.a.security.GatewayLoggingFilter      : gateway_request method=GET path=/sale-orders status=200 OK durationMs=18
2026-04-01T16:02:14.841+07:00  INFO 87229 --- [api-gateway] [ctor-http-nio-4] c.f.a.security.GatewayLoggingFilter      : gateway_request method=GET path=/sale-orders status=200 OK durationMs=19
2026-04-01T16:02:24.892+07:00  INFO 87229 --- [api-gateway] [ctor-http-nio-5] c.f.a.security.GatewayLoggingFilter      : gateway_request method=GET path=/sale-orders status=200 OK durationMs=35
2026-04-01T16:02:34.920+07:00  INFO 87229 --- [api-gateway] [ctor-http-nio-6] c.f.a.security.GatewayLoggingFilter      : gateway_request method=GET path=/sale-orders status=200 OK durationMs=17
2026-04-01T16:02:44.962+07:00  INFO 87229 --- [api-gateway] [ctor-http-nio-7] c.f.a.security.GatewayLoggingFilter      : gateway_request method=GET path=/sale-orders status=200 OK durationMs=28
2026-04-01T16:02:54.999+07:00  INFO 87229 --- [api-gateway] [ctor-http-nio-8] c.f.a.security.GatewayLoggingFilter      : gateway_request method=GET path=/sale-orders status=200 OK durationMs=23
2026-04-01T16:03:05.025+07:00  INFO 87229 --- [api-gateway] [ctor-http-nio-9] c.f.a.security.GatewayLoggingFilter      : gateway_request method=GET path=/sale-orders status=200 OK durationMs=13
2026-04-01T16:03:15.063+07:00  INFO 87229 --- [api-gateway] [tor-http-nio-10] c.f.a.security.GatewayLoggingFilter      : gateway_request method=GET path=/sale-orders status=200 OK durationMs=27
2026-04-01T16:03:25.089+07:00  INFO 87229 --- [api-gateway] [tor-http-nio-11] c.f.a.security.GatewayLoggingFilter      : gateway_request method=GET path=/sale-orders status=200 OK durationMs=17
2026-04-01T16:03:35.125+07:00  INFO 87229 --- [api-gateway] [tor-http-nio-12] c.f.a.security.GatewayLoggingFilter      : gateway_request method=GET path=/sale-orders status=200 OK durationMs=24
2026-04-01T16:03:45.152+07:00  INFO 87229 --- [api-gateway] [ctor-http-nio-1] c.f.a.security.GatewayLoggingFilter      : gateway_request method=GET path=/sale-orders status=200 OK durationMs=17
2026-04-01T16:03:55.186+07:00  INFO 87229 --- [api-gateway] [ctor-http-nio-2] c.f.a.security.GatewayLoggingFilter      : gateway_request method=GET path=/sale-orders status=200 OK durationMs=22
2026-04-01T16:04:05.216+07:00  INFO 87229 --- [api-gateway] [ctor-http-nio-3] c.f.a.security.GatewayLoggingFilter      : gateway_request method=GET path=/sale-orders status=200 OK durationMs=18
2026-04-01T16:04:15.242+07:00  INFO 87229 --- [api-gateway] [ctor-http-nio-4] c.f.a.security.GatewayLoggingFilter      : gateway_request method=GET path=/sale-orders status=200 OK durationMs=18
2026-04-01T16:04:25.273+07:00  INFO 87229 --- [api-gateway] [ctor-http-nio-5] c.f.a.security.GatewayLoggingFilter      : gateway_request method=GET path=/sale-orders status=200 OK durationMs=22
2026-04-01T16:04:25.313+07:00  INFO 87229 --- [api-gateway] [ctor-http-nio-5] c.f.a.security.GatewayLoggingFilter      : gateway_request method=GET path=/pos-sessions status=200 OK durationMs=7
2026-04-01T16:04:35.296+07:00  INFO 87229 --- [api-gateway] [ctor-http-nio-6] c.f.a.security.GatewayLoggingFilter      : gateway_request method=GET path=/sale-orders status=200 OK durationMs=18
2026-04-01T16:04:45.320+07:00  INFO 87229 --- [api-gateway] [ctor-http-nio-7] c.f.a.security.GatewayLoggingFilter      : gateway_request method=GET path=/sale-orders status=200 OK durationMs=16
2026-04-01T16:04:51.451+07:00  INFO 87229 --- [api-gateway] [ctor-http-nio-9] c.f.a.security.GatewayLoggingFilter      : gateway_request method=GET path=/product-categories status=403 FORBIDDEN durationMs=91
2026-04-01T16:04:51.459+07:00  INFO 87229 --- [api-gateway] [ctor-http-nio-8] c.f.a.security.GatewayLoggingFilter      : gateway_request method=GET path=/products status=200 OK durationMs=100
2026-04-01T16:04:55.345+07:00  INFO 87229 --- [api-gateway] [ctor-http-nio-8] c.f.a.security.GatewayLoggingFilter      : gateway_request method=GET path=/sale-orders status=200 OK durationMs=19
2026-04-01T16:05:05.367+07:00  INFO 87229 --- [api-gateway] [tor-http-nio-12] c.f.a.security.GatewayLoggingFilter      : gateway_request method=GET path=/sale-orders status=200 OK durationMs=16
2026-04-01T16:05:15.394+07:00  INFO 87229 --- [api-gateway] [ctor-http-nio-1] c.f.a.security.GatewayLoggingFilter      : gateway_request method=GET path=/sale-orders status=200 OK durationMs=21
2026-04-01T16:05:16.557+07:00  INFO 87229 --- [api-gateway] [ctor-http-nio-1] c.f.a.security.GatewayLoggingFilter      : gateway_request method=GET path=/pos-sessions status=200 OK durationMs=19
2026-04-01T16:05:25.416+07:00  INFO 87229 --- [api-gateway] [ctor-http-nio-2] c.f.a.security.GatewayLoggingFilter      : gateway_request method=GET path=/sale-orders status=200 OK durationMs=16
2026-04-01T16:05:27.609+07:00  INFO 87229 --- [api-gateway] [ctor-http-nio-2] c.f.a.security.GatewayLoggingFilter      : gateway_request method=POST path=/pos-sessions status=200 OK durationMs=80
2026-04-01T16:05:27.623+07:00  INFO 87229 --- [api-gateway] [ctor-http-nio-2] c.f.a.security.GatewayLoggingFilter      : gateway_request method=GET path=/pos-sessions status=200 OK durationMs=7
2026-04-01T16:05:27.651+07:00  INFO 87229 --- [api-gateway] [ctor-http-nio-4] c.f.a.security.GatewayLoggingFilter      : gateway_request method=GET path=/product-availability status=200 OK durationMs=21
2026-04-01T16:05:27.651+07:00  INFO 87229 --- [api-gateway] [ctor-http-nio-3] c.f.a.security.GatewayLoggingFilter      : gateway_request method=GET path=/product-prices status=200 OK durationMs=21
2026-04-01T16:05:27.654+07:00  INFO 87229 --- [api-gateway] [ctor-http-nio-2] c.f.a.security.GatewayLoggingFilter      : gateway_request method=GET path=/products status=200 OK durationMs=25
2026-04-01T16:05:32.809+07:00  INFO 87229 --- [api-gateway] [ctor-http-nio-6] c.f.a.security.GatewayLoggingFilter      : gateway_request method=POST path=/sale-orders status=200 OK durationMs=48
2026-04-01T16:05:32.820+07:00  INFO 87229 --- [api-gateway] [ctor-http-nio-6] c.f.a.security.GatewayLoggingFilter      : gateway_request method=GET path=/pos-sessions status=200 OK durationMs=8
2026-04-01T16:05:34.842+07:00  INFO 87229 --- [api-gateway] [ctor-http-nio-6] c.f.a.security.GatewayLoggingFilter      : gateway_request method=POST path=/sale-orders/20/payments status=200 OK durationMs=19
2026-04-01T16:05:35.436+07:00  INFO 87229 --- [api-gateway] [ctor-http-nio-6] c.f.a.security.GatewayLoggingFilter      : gateway_request method=GET path=/sale-orders status=200 OK durationMs=16
2026-04-01T16:05:38.855+07:00  INFO 87229 --- [api-gateway] [ctor-http-nio-6] c.f.a.security.GatewayLoggingFilter      : gateway_request method=POST path=/sale-orders/20/complete status=200 OK durationMs=62
2026-04-01T16:05:40.659+07:00  INFO 87229 --- [api-gateway] [ctor-http-nio-6] c.f.a.security.GatewayLoggingFilter      : gateway_request method=GET path=/sale-orders status=200 OK durationMs=9
2026-04-01T16:05:45.454+07:00  INFO 87229 --- [api-gateway] [ctor-http-nio-7] c.f.a.security.GatewayLoggingFilter      : gateway_request method=GET path=/sale-orders status=200 OK durationMs=14
2026-04-01T16:05:50.673+07:00  INFO 87229 --- [api-gateway] [ctor-http-nio-8] c.f.a.security.GatewayLoggingFilter      : gateway_request method=GET path=/sale-orders status=200 OK durationMs=6
2026-04-01T16:05:55.477+07:00  INFO 87229 --- [api-gateway] [ctor-http-nio-9] c.f.a.security.GatewayLoggingFilter      : gateway_request method=GET path=/sale-orders status=200 OK durationMs=18
2026-04-01T16:06:00.688+07:00  INFO 87229 --- [api-gateway] [tor-http-nio-10] c.f.a.security.GatewayLoggingFilter      : gateway_request method=GET path=/sale-orders status=200 OK durationMs=8
2026-04-01T16:06:01.158+07:00  INFO 87229 --- [api-gateway] [tor-http-nio-10] c.f.a.security.GatewayLoggingFilter      : gateway_request method=GET path=/pos-sessions status=200 OK durationMs=7
2026-04-01T16:06:05.498+07:00  INFO 87229 --- [api-gateway] [tor-http-nio-11] c.f.a.security.GatewayLoggingFilter      : gateway_request method=GET path=/sale-orders status=200 OK durationMs=15
2026-04-01T16:06:06.654+07:00  INFO 87229 --- [api-gateway] [tor-http-nio-11] c.f.a.security.GatewayLoggingFilter      : gateway_request method=POST path=/sale-orders status=200 OK durationMs=31
2026-04-01T16:06:06.666+07:00  INFO 87229 --- [api-gateway] [tor-http-nio-11] c.f.a.security.GatewayLoggingFilter      : gateway_request method=GET path=/pos-sessions status=200 OK durationMs=8
2026-04-01T16:06:15.521+07:00  INFO 87229 --- [api-gateway] [tor-http-nio-12] c.f.a.security.GatewayLoggingFilter      : gateway_request method=GET path=/sale-orders status=200 OK durationMs=18
2026-04-01T16:06:19.894+07:00  INFO 87229 --- [api-gateway] [ctor-http-nio-1] c.f.a.security.GatewayLoggingFilter      : gateway_request method=POST path=/sale-orders/21/payments status=200 OK durationMs=15
2026-04-01T16:06:23.014+07:00  INFO 87229 --- [api-gateway] [ctor-http-nio-1] c.f.a.security.GatewayLoggingFilter      : gateway_request method=POST path=/sale-orders/21/complete status=200 OK durationMs=67
2026-04-01T16:06:24.966+07:00  INFO 87229 --- [api-gateway] [ctor-http-nio-1] c.f.a.security.GatewayLoggingFilter      : gateway_request method=GET path=/sale-orders status=200 OK durationMs=14
2026-04-01T16:06:25.539+07:00  INFO 87229 --- [api-gateway] [ctor-http-nio-1] c.f.a.security.GatewayLoggingFilter      : gateway_request method=GET path=/sale-orders status=200 OK durationMs=14
2026-04-01T16:06:34.893+07:00  INFO 87229 --- [api-gateway] [ctor-http-nio-2] c.f.a.security.GatewayLoggingFilter      : gateway_request method=POST path=/pos-sessions/11/close status=200 OK durationMs=11
2026-04-01T16:06:34.978+07:00  INFO 87229 --- [api-gateway] [ctor-http-nio-2] c.f.a.security.GatewayLoggingFilter      : gateway_request method=GET path=/sale-orders status=200 OK durationMs=8
2026-04-01T16:06:35.559+07:00  INFO 87229 --- [api-gateway] [ctor-http-nio-2] c.f.a.security.GatewayLoggingFilter      : gateway_request method=GET path=/sale-orders status=200 OK durationMs=15
2026-04-01T16:06:44.995+07:00  INFO 87229 --- [api-gateway] [ctor-http-nio-3] c.f.a.security.GatewayLoggingFilter      : gateway_request method=GET path=/sale-orders status=200 OK durationMs=11
2026-04-01T16:06:45.579+07:00  INFO 87229 --- [api-gateway] [ctor-http-nio-3] c.f.a.security.GatewayLoggingFilter      : gateway_request method=GET path=/sale-orders status=200 OK durationMs=15
2026-04-01T16:06:55.598+07:00  INFO 87229 --- [api-gateway] [ctor-http-nio-4] c.f.a.security.GatewayLoggingFilter      : gateway_request method=GET path=/sale-orders status=200 OK durationMs=14
2026-04-01T16:07:05.618+07:00  INFO 87229 --- [api-gateway] [ctor-http-nio-5] c.f.a.security.GatewayLoggingFilter      : gateway_request method=GET path=/sale-orders status=200 OK durationMs=15
2026-04-01T16:07:15.639+07:00  INFO 87229 --- [api-gateway] [ctor-http-nio-6] c.f.a.security.GatewayLoggingFilter      : gateway_request method=GET path=/sale-orders status=200 OK durationMs=15
2026-04-01T16:07:25.655+07:00  INFO 87229 --- [api-gateway] [ctor-http-nio-7] c.f.a.security.GatewayLoggingFilter      : gateway_request method=GET path=/sale-orders status=200 OK durationMs=12
2026-04-01T16:07:35.674+07:00  INFO 87229 --- [api-gateway] [ctor-http-nio-8] c.f.a.security.GatewayLoggingFilter      : gateway_request method=GET path=/sale-orders status=200 OK durationMs=13
2026-04-01T16:07:45.695+07:00  INFO 87229 --- [api-gateway] [ctor-http-nio-9] c.f.a.security.GatewayLoggingFilter      : gateway_request method=GET path=/sale-orders status=200 OK durationMs=15
2026-04-01T16:07:55.713+07:00  INFO 87229 --- [api-gateway] [tor-http-nio-10] c.f.a.security.GatewayLoggingFilter      : gateway_request method=GET path=/sale-orders status=200 OK durationMs=13
2026-04-01T16:08:05.732+07:00  INFO 87229 --- [api-gateway] [tor-http-nio-11] c.f.a.security.GatewayLoggingFilter      : gateway_request method=GET path=/sale-orders status=200 OK durationMs=14
2026-04-01T16:08:15.753+07:00  INFO 87229 --- [api-gateway] [tor-http-nio-12] c.f.a.security.GatewayLoggingFilter      : gateway_request method=GET path=/sale-orders status=200 OK durationMs=15
2026-04-01T16:08:16.630+07:00  INFO 87229 --- [api-gateway] [tor-http-nio-12] c.f.a.security.GatewayLoggingFilter      : gateway_request method=GET path=/pos-sessions status=200 OK durationMs=9
2026-04-01T16:08:20.504+07:00  INFO 87229 --- [api-gateway] [tor-http-nio-12] c.f.a.security.GatewayLoggingFilter      : gateway_request method=GET path=/pos-sessions status=200 OK durationMs=7
2026-04-01T16:08:25.699+07:00  INFO 87229 --- [api-gateway] [ctor-http-nio-2] c.f.a.security.GatewayLoggingFilter      : gateway_request method=GET path=/product-categories status=403 FORBIDDEN durationMs=18
2026-04-01T16:08:25.706+07:00  INFO 87229 --- [api-gateway] [ctor-http-nio-1] c.f.a.security.GatewayLoggingFilter      : gateway_request method=GET path=/products status=200 OK durationMs=25
2026-04-01T16:08:25.774+07:00  INFO 87229 --- [api-gateway] [ctor-http-nio-1] c.f.a.security.GatewayLoggingFilter      : gateway_request method=GET path=/sale-orders status=200 OK durationMs=15
2026-04-01T16:08:28.420+07:00  INFO 87229 --- [api-gateway] [ctor-http-nio-1] c.f.a.security.GatewayLoggingFilter      : gateway_request method=POST path=/pos-sessions status=200 OK durationMs=44
2026-04-01T16:08:28.435+07:00  INFO 87229 --- [api-gateway] [ctor-http-nio-1] c.f.a.security.GatewayLoggingFilter      : gateway_request method=GET path=/pos-sessions status=200 OK durationMs=9
2026-04-01T16:08:28.461+07:00  INFO 87229 --- [api-gateway] [ctor-http-nio-2] c.f.a.security.GatewayLoggingFilter      : gateway_request method=GET path=/product-prices status=200 OK durationMs=16
2026-04-01T16:08:28.467+07:00  INFO 87229 --- [api-gateway] [ctor-http-nio-1] c.f.a.security.GatewayLoggingFilter      : gateway_request method=GET path=/products status=200 OK durationMs=23
2026-04-01T16:08:28.471+07:00  INFO 87229 --- [api-gateway] [ctor-http-nio-5] c.f.a.security.GatewayLoggingFilter      : gateway_request method=GET path=/product-availability status=200 OK durationMs=25
2026-04-01T16:08:32.343+07:00  INFO 87229 --- [api-gateway] [ctor-http-nio-1] c.f.a.security.GatewayLoggingFilter      : gateway_request method=POST path=/sale-orders status=200 OK durationMs=29
2026-04-01T16:08:32.353+07:00  INFO 87229 --- [api-gateway] [ctor-http-nio-1] c.f.a.security.GatewayLoggingFilter      : gateway_request method=GET path=/pos-sessions status=200 OK durationMs=7
2026-04-01T16:08:35.241+07:00  INFO 87229 --- [api-gateway] [ctor-http-nio-1] c.f.a.security.GatewayLoggingFilter      : gateway_request method=POST path=/sale-orders/22/payments status=200 OK durationMs=14
2026-04-01T16:08:35.792+07:00  INFO 87229 --- [api-gateway] [ctor-http-nio-1] c.f.a.security.GatewayLoggingFilter      : gateway_request method=GET path=/sale-orders status=200 OK durationMs=14
2026-04-01T16:08:40.600+07:00  INFO 87229 --- [api-gateway] [ctor-http-nio-7] c.f.a.security.GatewayLoggingFilter      : gateway_request method=POST path=/sale-orders/22/complete status=200 OK durationMs=60
2026-04-01T16:08:43.658+07:00  INFO 87229 --- [api-gateway] [ctor-http-nio-7] c.f.a.security.GatewayLoggingFilter      : gateway_request method=GET path=/sale-orders status=200 OK durationMs=8
2026-04-01T16:08:45.809+07:00  INFO 87229 --- [api-gateway] [ctor-http-nio-7] c.f.a.security.GatewayLoggingFilter      : gateway_request method=GET path=/sale-orders status=200 OK durationMs=12
2026-04-01T16:08:51.121+07:00  INFO 87229 --- [api-gateway] [ctor-http-nio-8] c.f.a.security.GatewayLoggingFilter      : gateway_request method=POST path=/pos-sessions/12/close status=200 OK durationMs=8
2026-04-01T16:08:53.677+07:00  INFO 87229 --- [api-gateway] [ctor-http-nio-8] c.f.a.security.GatewayLoggingFilter      : gateway_request method=GET path=/sale-orders status=200 OK durationMs=15
2026-04-01T16:08:55.830+07:00  INFO 87229 --- [api-gateway] [ctor-http-nio-8] c.f.a.security.GatewayLoggingFilter      : gateway_request method=GET path=/sale-orders status=200 OK durationMs=16
2026-04-01T16:08:58.660+07:00  INFO 87229 --- [api-gateway] [ctor-http-nio-8] c.f.a.security.GatewayLoggingFilter      : gateway_request method=GET path=/pos-sessions status=200 OK durationMs=9
2026-04-01T16:09:05.848+07:00  INFO 87229 --- [api-gateway] [ctor-http-nio-9] c.f.a.security.GatewayLoggingFilter      : gateway_request method=GET path=/sale-orders status=200 OK durationMs=13
2026-04-01T16:09:06.025+07:00  INFO 87229 --- [api-gateway] [ctor-http-nio-9] c.f.a.security.GatewayLoggingFilter      : gateway_request method=GET path=/attendance-events status=200 OK durationMs=39
2026-04-01T16:09:07.536+07:00  INFO 87229 --- [api-gateway] [ctor-http-nio-9] c.f.a.security.GatewayLoggingFilter      : gateway_request method=POST path=/attendance-events status=404 NOT_FOUND durationMs=12
2026-04-01T16:09:12.025+07:00  INFO 87229 --- [api-gateway] [tor-http-nio-11] c.f.a.security.GatewayLoggingFilter      : gateway_request method=GET path=/stock-balances status=200 OK durationMs=11
2026-04-01T16:09:15.874+07:00  INFO 87229 --- [api-gateway] [tor-http-nio-11] c.f.a.security.GatewayLoggingFilter      : gateway_request method=GET path=/suppliers status=200 OK durationMs=28
2026-04-01T16:09:15.876+07:00  INFO 87229 --- [api-gateway] [ctor-http-nio-2] c.f.a.security.GatewayLoggingFilter      : gateway_request method=GET path=/sale-orders status=200 OK durationMs=23
2026-04-01T16:09:20.521+07:00  INFO 87229 --- [api-gateway] [ctor-http-nio-3] c.f.a.security.GatewayLoggingFilter      : gateway_request method=GET path=/pos-sessions status=200 OK durationMs=10
2026-04-01T16:09:21.122+07:00  INFO 87229 --- [api-gateway] [ctor-http-nio-3] c.f.a.security.GatewayLoggingFilter      : gateway_request method=GET path=/product-categories status=403 FORBIDDEN durationMs=13
2026-04-01T16:09:29.023+07:00  INFO 87229 --- [api-gateway] [ctor-http-nio-4] c.f.a.security.GatewayLoggingFilter      : gateway_request method=GET path=/products/23 status=200 OK durationMs=12
2026-04-01T16:09:29.023+07:00  INFO 87229 --- [api-gateway] [ctor-http-nio-6] c.f.a.security.GatewayLoggingFilter      : gateway_request method=GET path=/product-availability status=200 OK durationMs=12
2026-04-01T16:09:29.024+07:00  INFO 87229 --- [api-gateway] [ctor-http-nio-5] c.f.a.security.GatewayLoggingFilter      : gateway_request method=GET path=/product-prices status=200 OK durationMs=12
2026-04-01T16:10:06.290+07:00  INFO 87229 --- [api-gateway] [ctor-http-nio-7] c.f.a.security.GatewayLoggingFilter      : gateway_request method=GET path=/pos-sessions status=200 OK durationMs=24
2026-04-01T16:10:15.693+07:00  INFO 87229 --- [api-gateway] [ctor-http-nio-8] c.f.a.security.GatewayLoggingFilter      : gateway_request method=GET path=/sale-orders status=200 OK durationMs=11
2026-04-01T16:10:16.993+07:00  INFO 87229 --- [api-gateway] [ctor-http-nio-8] c.f.a.security.GatewayLoggingFilter      : gateway_request method=POST path=/auth/logout status=204 NO_CONTENT durationMs=28
2026-04-01T16:10:26.055+07:00  INFO 87229 --- [api-gateway] [tor-http-nio-10] c.f.a.security.GatewayLoggingFilter      : gateway_request method=POST path=/auth/login status=200 OK durationMs=113
2026-04-01T16:10:26.389+07:00  INFO 87229 --- [api-gateway] [tor-http-nio-10] c.f.a.security.GatewayLoggingFilter      : gateway_request method=GET path=/pos-sessions/11 status=200 OK durationMs=9
2026-04-01T16:10:26.391+07:00  INFO 87229 --- [api-gateway] [tor-http-nio-11] c.f.a.security.GatewayLoggingFilter      : gateway_request method=GET path=/sale-orders status=200 OK durationMs=11
2026-04-01T16:10:26.859+07:00  INFO 87229 --- [api-gateway] [tor-http-nio-10] c.f.a.security.GatewayLoggingFilter      : gateway_request method=POST path=/pos-sessions status=200 OK durationMs=30
2026-04-01T16:10:26.867+07:00  INFO 87229 --- [api-gateway] [tor-http-nio-10] c.f.a.security.GatewayLoggingFilter      : gateway_request method=GET path=/pos-sessions status=200 OK durationMs=6
2026-04-01T16:10:26.974+07:00  INFO 87229 --- [api-gateway] [tor-http-nio-10] c.f.a.security.GatewayLoggingFilter      : gateway_request method=GET path=/products status=200 OK durationMs=97
2026-04-01T16:10:26.974+07:00  INFO 87229 --- [api-gateway] [tor-http-nio-11] c.f.a.security.GatewayLoggingFilter      : gateway_request method=GET path=/product-prices status=200 OK durationMs=96
2026-04-01T16:10:26.975+07:00  INFO 87229 --- [api-gateway] [tor-http-nio-12] c.f.a.security.GatewayLoggingFilter      : gateway_request method=GET path=/product-availability status=200 OK durationMs=96
2026-04-01T16:10:36.410+07:00  INFO 87229 --- [api-gateway] [ctor-http-nio-1] c.f.a.security.GatewayLoggingFilter      : gateway_request method=GET path=/sale-orders status=200 OK durationMs=11
2026-04-01T16:10:38.038+07:00  INFO 87229 --- [api-gateway] [ctor-http-nio-1] c.f.a.security.GatewayLoggingFilter      : gateway_request method=GET path=/pos-sessions status=200 OK durationMs=10
2026-04-01T16:10:38.057+07:00  INFO 87229 --- [api-gateway] [ctor-http-nio-3] c.f.a.security.GatewayLoggingFilter      : gateway_request method=GET path=/product-availability status=200 OK durationMs=10
2026-04-01T16:10:38.057+07:00  INFO 87229 --- [api-gateway] [ctor-http-nio-1] c.f.a.security.GatewayLoggingFilter      : gateway_request method=GET path=/products status=200 OK durationMs=11
2026-04-01T16:10:38.062+07:00  INFO 87229 --- [api-gateway] [ctor-http-nio-2] c.f.a.security.GatewayLoggingFilter      : gateway_request method=GET path=/product-prices status=200 OK durationMs=15
2026-04-01T16:10:51.540+07:00  INFO 87229 --- [api-gateway] [ctor-http-nio-4] c.f.a.security.GatewayLoggingFilter      : gateway_request method=GET path=/sale-orders status=200 OK durationMs=21
2026-04-01T16:10:53.742+07:00  INFO 87229 --- [api-gateway] [ctor-http-nio-4] c.f.a.security.GatewayLoggingFilter      : gateway_request method=GET path=/payroll-runs status=200 OK durationMs=38
2026-04-01T16:10:59.118+07:00  INFO 87229 --- [api-gateway] [ctor-http-nio-6] c.f.a.security.GatewayLoggingFilter      : gateway_request method=GET path=/suppliers status=200 OK durationMs=31
2026-04-01T16:11:01.611+07:00  INFO 87229 --- [api-gateway] [ctor-http-nio-6] c.f.a.security.GatewayLoggingFilter      : gateway_request method=GET path=/stock-balances status=200 OK durationMs=60
2026-04-01T16:11:01.663+07:00  INFO 87229 --- [api-gateway] [ctor-http-nio-6] c.f.a.security.GatewayLoggingFilter      : gateway_request method=GET path=/pos-sessions/10 status=200 OK durationMs=8
2026-04-01T16:11:01.670+07:00  INFO 87229 --- [api-gateway] [ctor-http-nio-9] c.f.a.security.GatewayLoggingFilter      : gateway_request method=GET path=/sale-orders status=200 OK durationMs=14
2026-04-01T16:11:08.375+07:00  INFO 87229 --- [api-gateway] [tor-http-nio-10] c.f.a.security.GatewayLoggingFilter      : gateway_request method=GET path=/attendance-events status=200 OK durationMs=21
2026-04-01T16:11:11.698+07:00  INFO 87229 --- [api-gateway] [tor-http-nio-10] c.f.a.security.GatewayLoggingFilter      : gateway_request method=GET path=/sale-orders status=200 OK durationMs=19
2026-04-01T16:11:21.753+07:00  INFO 87229 --- [api-gateway] [tor-http-nio-12] c.f.a.security.GatewayLoggingFilter      : gateway_request method=GET path=/sale-orders status=200 OK durationMs=36
2026-04-01T16:11:22.358+07:00  INFO 87229 --- [api-gateway] [tor-http-nio-12] c.f.a.security.GatewayLoggingFilter      : gateway_request method=GET path=/stock-balances status=200 OK durationMs=24
2026-04-01T16:11:22.414+07:00  INFO 87229 --- [api-gateway] [ctor-http-nio-1] c.f.a.security.GatewayLoggingFilter      : gateway_request method=GET path=/inventory-transactions status=200 OK durationMs=78
2026-04-01T16:11:31.989+07:00  INFO 87229 --- [api-gateway] [undedElastic-66] c.f.a.security.GatewayLoggingFilter      : gateway_request method=GET path=/sale-orders status=401 UNAUTHORIZED durationMs=4
2026-04-01T16:11:32.053+07:00  INFO 87229 --- [api-gateway] [ctor-http-nio-3] c.f.a.security.GatewayLoggingFilter      : gateway_request method=POST path=/auth/refresh status=200 OK durationMs=61
2026-04-01T16:11:32.087+07:00  INFO 87229 --- [api-gateway] [ctor-http-nio-3] c.f.a.security.GatewayLoggingFilter      : gateway_request method=GET path=/sale-orders status=200 OK durationMs=19
2026-04-01T16:11:41.404+07:00  INFO 87229 --- [api-gateway] [ctor-http-nio-5] c.f.a.security.GatewayLoggingFilter      : gateway_request method=POST path=/auth/logout status=204 NO_CONTENT durationMs=13
2026-04-01T16:13:00.913+07:00  INFO 87229 --- [api-gateway] [ctor-http-nio-6] c.f.a.security.GatewayLoggingFilter      : gateway_request method=POST path=/auth/refresh status=200 OK durationMs=150
2026-04-01T16:13:05.771+07:00  INFO 87229 --- [api-gateway] [tor-http-nio-11] c.f.a.security.GatewayLoggingFilter      : gateway_request method=GET path=/users/1/permission-overrides status=200 OK durationMs=33
2026-04-01T16:13:05.772+07:00  INFO 87229 --- [api-gateway] [tor-http-nio-10] c.f.a.security.GatewayLoggingFilter      : gateway_request method=GET path=/permissions status=200 OK durationMs=34
2026-04-01T16:13:05.775+07:00  INFO 87229 --- [api-gateway] [ctor-http-nio-8] c.f.a.security.GatewayLoggingFilter      : gateway_request method=GET path=/users/1 status=200 OK durationMs=37
2026-04-01T16:13:05.778+07:00  INFO 87229 --- [api-gateway] [tor-http-nio-12] c.f.a.security.GatewayLoggingFilter      : gateway_request method=GET path=/users/1/effective-access status=200 OK durationMs=40
2026-04-01T16:13:05.785+07:00  INFO 87229 --- [api-gateway] [ctor-http-nio-9] c.f.a.security.GatewayLoggingFilter      : gateway_request method=GET path=/roles status=200 OK durationMs=47
2026-04-01T16:13:07.100+07:00  INFO 87229 --- [api-gateway] [ctor-http-nio-8] c.f.a.security.GatewayLoggingFilter      : gateway_request method=GET path=/audit/events status=200 OK durationMs=58
2026-04-01T16:13:14.361+07:00  INFO 87229 --- [api-gateway] [ctor-http-nio-7] c.f.a.security.GatewayLoggingFilter      : gateway_request method=GET path=/product-categories status=200 OK durationMs=29
2026-04-01T16:13:14.361+07:00  INFO 87229 --- [api-gateway] [ctor-http-nio-6] c.f.a.security.GatewayLoggingFilter      : gateway_request method=GET path=/products status=200 OK durationMs=30
2026-04-01T16:13:21.548+07:00  INFO 87229 --- [api-gateway] [tor-http-nio-10] c.f.a.security.GatewayLoggingFilter      : gateway_request method=POST path=/auth/login status=401 UNAUTHORIZED durationMs=70
2026-04-01T16:13:24.611+07:00  INFO 87229 --- [api-gateway] [tor-http-nio-10] c.f.a.security.GatewayLoggingFilter      : gateway_request method=POST path=/auth/logout status=204 NO_CONTENT durationMs=21
2026-04-01T16:14:15.648+07:00  INFO 87229 --- [api-gateway] [tor-http-nio-11] c.f.a.security.GatewayLoggingFilter      : gateway_request method=POST path=/auth/login status=401 UNAUTHORIZED durationMs=88
2026-04-01T16:15:00.220+07:00  INFO 87229 --- [api-gateway] [tor-http-nio-12] c.f.a.security.GatewayLoggingFilter      : gateway_request method=POST path=/auth/login status=401 UNAUTHORIZED durationMs=97
2026-04-01T16:16:22.127+07:00  INFO 87229 --- [api-gateway] [ctor-http-nio-1] c.f.a.security.GatewayLoggingFilter      : gateway_request method=POST path=/auth/login status=401 UNAUTHORIZED durationMs=121
2026-04-01T16:17:05.686+07:00  INFO 87229 --- [api-gateway] [ctor-http-nio-3] c.f.a.security.GatewayLoggingFilter      : gateway_request method=POST path=/auth/refresh status=200 OK durationMs=61
2026-04-01T16:17:29.588+07:00  INFO 87229 --- [api-gateway] [ctor-http-nio-4] c.f.a.security.GatewayLoggingFilter      : gateway_request method=POST path=/auth/login status=200 OK durationMs=155
2026-04-01T16:23:18.010+07:00  INFO 87229 --- [api-gateway] [ctor-http-nio-5] c.f.a.security.GatewayLoggingFilter      : gateway_request method=POST path=/auth/logout status=204 NO_CONTENT durationMs=30
2026-04-01T16:23:42.805+07:00  INFO 87229 --- [api-gateway] [ctor-http-nio-7] c.f.a.security.GatewayLoggingFilter      : gateway_request method=POST path=/auth/login status=200 OK durationMs=369
2026-04-01T16:24:45.405+07:00  INFO 87229 --- [api-gateway] [ctor-http-nio-8] c.f.a.security.GatewayLoggingFilter      : gateway_request method=GET path=/regions/1 status=200 OK durationMs=44
2026-04-01T16:26:21.935+07:00  INFO 87229 --- [api-gateway] [tor-http-nio-11] c.f.a.security.GatewayLoggingFilter      : gateway_request method=GET path=/product-categories status=403 FORBIDDEN durationMs=33
2026-04-01T16:26:21.945+07:00  INFO 87229 --- [api-gateway] [tor-http-nio-10] c.f.a.security.GatewayLoggingFilter      : gateway_request method=GET path=/products status=200 OK durationMs=43
2026-04-01T16:26:24.710+07:00  INFO 87229 --- [api-gateway] [tor-http-nio-10] c.f.a.security.GatewayLoggingFilter      : gateway_request method=GET path=/pos-sessions status=200 OK durationMs=21
2026-04-01T16:26:24.729+07:00  INFO 87229 --- [api-gateway] [tor-http-nio-10] c.f.a.security.GatewayLoggingFilter      : gateway_request method=GET path=/products status=200 OK durationMs=9
2026-04-01T16:26:24.734+07:00  INFO 87229 --- [api-gateway] [tor-http-nio-11] c.f.a.security.GatewayLoggingFilter      : gateway_request method=GET path=/product-prices status=200 OK durationMs=13
2026-04-01T16:26:24.734+07:00  INFO 87229 --- [api-gateway] [ctor-http-nio-3] c.f.a.security.GatewayLoggingFilter      : gateway_request method=GET path=/product-availability status=200 OK durationMs=12
2026-04-01T16:26:33.487+07:00  INFO 87229 --- [api-gateway] [ctor-http-nio-5] c.f.a.security.GatewayLoggingFilter      : gateway_request method=POST path=/sale-orders status=200 OK durationMs=42
2026-04-01T16:26:33.502+07:00  INFO 87229 --- [api-gateway] [ctor-http-nio-5] c.f.a.security.GatewayLoggingFilter      : gateway_request method=GET path=/pos-sessions status=200 OK durationMs=10
2026-04-01T16:26:35.623+07:00  INFO 87229 --- [api-gateway] [ctor-http-nio-5] c.f.a.security.GatewayLoggingFilter      : gateway_request method=PATCH path=/sale-orders/23 status=200 OK durationMs=42
2026-04-01T16:26:44.493+07:00  INFO 87229 --- [api-gateway] [ctor-http-nio-6] c.f.a.security.GatewayLoggingFilter      : gateway_request method=POST path=/sale-orders/23/payments status=200 OK durationMs=21
2026-04-01T16:26:49.087+07:00  INFO 87229 --- [api-gateway] [ctor-http-nio-7] c.f.a.security.GatewayLoggingFilter      : gateway_request method=POST path=/sale-orders/23/complete status=200 OK durationMs=84
2026-04-01T16:26:50.949+07:00  INFO 87229 --- [api-gateway] [ctor-http-nio-7] c.f.a.security.GatewayLoggingFilter      : gateway_request method=GET path=/pos-sessions/13 status=200 OK durationMs=18
2026-04-01T16:26:50.959+07:00  INFO 87229 --- [api-gateway] [ctor-http-nio-8] c.f.a.security.GatewayLoggingFilter      : gateway_request method=GET path=/sale-orders status=200 OK durationMs=26
2026-04-01T16:26:55.175+07:00  INFO 87229 --- [api-gateway] [tor-http-nio-10] c.f.a.security.GatewayLoggingFilter      : gateway_request method=POST path=/pos-sessions/13/close status=200 OK durationMs=10
2026-04-01T16:27:01.020+07:00  INFO 87229 --- [api-gateway] [tor-http-nio-11] c.f.a.security.GatewayLoggingFilter      : gateway_request method=GET path=/sale-orders status=200 OK durationMs=10
2026-04-01T16:27:03.424+07:00  INFO 87229 --- [api-gateway] [tor-http-nio-11] c.f.a.security.GatewayLoggingFilter      : gateway_request method=GET path=/product-categories status=403 FORBIDDEN durationMs=7
2026-04-01T16:27:04.689+07:00  INFO 87229 --- [api-gateway] [tor-http-nio-11] c.f.a.security.GatewayLoggingFilter      : gateway_request method=GET path=/suppliers status=200 OK durationMs=88
2026-04-01T16:27:05.318+07:00  INFO 87229 --- [api-gateway] [tor-http-nio-11] c.f.a.security.GatewayLoggingFilter      : gateway_request method=GET path=/stock-balances status=200 OK durationMs=10
2026-04-01T16:27:08.208+07:00  INFO 87229 --- [api-gateway] [tor-http-nio-11] c.f.a.security.GatewayLoggingFilter      : gateway_request method=GET path=/attendance-events status=200 OK durationMs=22
2026-04-01T16:27:09.328+07:00  INFO 87229 --- [api-gateway] [tor-http-nio-11] c.f.a.security.GatewayLoggingFilter      : gateway_request method=GET path=/regions/1 status=200 OK durationMs=85
2026-04-01T16:27:13.991+07:00  INFO 87229 --- [api-gateway] [ctor-http-nio-4] c.f.a.security.GatewayLoggingFilter      : gateway_request method=GET path=/payroll-runs status=200 OK durationMs=28
2026-04-01T16:27:14.590+07:00  INFO 87229 --- [api-gateway] [ctor-http-nio-4] c.f.a.security.GatewayLoggingFilter      : gateway_request method=GET path=/product-categories status=403 FORBIDDEN durationMs=8
2026-04-01T16:27:15.439+07:00  INFO 87229 --- [api-gateway] [ctor-http-nio-4] c.f.a.security.GatewayLoggingFilter      : gateway_request method=GET path=/pos-sessions status=200 OK durationMs=9
2026-04-01T16:27:30.078+07:00  INFO 87229 --- [api-gateway] [ctor-http-nio-6] c.f.a.security.GatewayLoggingFilter      : gateway_request method=GET path=/stock-balances status=200 OK durationMs=52
2026-04-01T16:27:30.084+07:00  INFO 87229 --- [api-gateway] [ctor-http-nio-7] c.f.a.security.GatewayLoggingFilter      : gateway_request method=GET path=/inventory-transactions status=200 OK durationMs=58
2026-04-01T16:28:23.123+07:00  INFO 87229 --- [api-gateway] [ctor-http-nio-9] c.f.a.security.GatewayLoggingFilter      : gateway_request method=GET path=/product-categories status=403 FORBIDDEN durationMs=39
2026-04-01T16:28:50.890+07:00  INFO 87229 --- [api-gateway] [tor-http-nio-11] c.f.a.security.GatewayLoggingFilter      : gateway_request method=POST path=/reports/exports status=400 BAD_REQUEST durationMs=30
2026-04-01T16:29:09.305+07:00  INFO 87229 --- [api-gateway] [ctor-http-nio-1] c.f.a.security.GatewayLoggingFilter      : gateway_request method=POST path=/pos-sessions status=200 OK durationMs=44
2026-04-01T16:29:09.327+07:00  INFO 87229 --- [api-gateway] [ctor-http-nio-1] c.f.a.security.GatewayLoggingFilter      : gateway_request method=GET path=/pos-sessions status=200 OK durationMs=15
2026-04-01T16:29:13.164+07:00  INFO 87229 --- [api-gateway] [ctor-http-nio-1] c.f.a.security.GatewayLoggingFilter      : gateway_request method=POST path=/sale-orders status=200 OK durationMs=82
2026-04-01T16:29:13.188+07:00  INFO 87229 --- [api-gateway] [ctor-http-nio-1] c.f.a.security.GatewayLoggingFilter      : gateway_request method=GET path=/pos-sessions status=200 OK durationMs=18
2026-04-01T16:29:16.850+07:00  INFO 87229 --- [api-gateway] [ctor-http-nio-1] c.f.a.security.GatewayLoggingFilter      : gateway_request method=POST path=/sale-orders/24/payments status=200 OK durationMs=23
2026-04-01T16:29:20.054+07:00  INFO 87229 --- [api-gateway] [ctor-http-nio-1] c.f.a.security.GatewayLoggingFilter      : gateway_request method=POST path=/sale-orders/24/complete status=200 OK durationMs=66
2026-04-01T16:43:24.815+07:00  INFO 87229 --- [api-gateway] [     parallel-9] c.f.a.security.GatewayLoggingFilter      : gateway_request method=GET path=/finance/expenses status=404 NOT_FOUND durationMs=13
2026-04-01T16:43:24.818+07:00  INFO 87229 --- [api-gateway] [    parallel-10] c.f.a.security.GatewayLoggingFilter      : gateway_request method=GET path=/finance/payroll status=404 NOT_FOUND durationMs=1
2026-04-01T16:43:24.822+07:00  INFO 87229 --- [api-gateway] [    parallel-11] c.f.a.security.GatewayLoggingFilter      : gateway_request method=GET path=/finance/suppliers status=404 NOT_FOUND durationMs=2
2026-04-01T16:43:50.634+07:00  INFO 87229 --- [api-gateway] [ctor-http-nio-6] c.f.a.security.GatewayLoggingFilter      : gateway_request method=GET path=/inventory-transactions status=200 OK durationMs=29
2026-04-01T16:44:19.202+07:00  INFO 87229 --- [api-gateway] [ctor-http-nio-8] c.f.a.security.GatewayLoggingFilter      : gateway_request method=GET path=/inventory-transactions status=200 OK durationMs=40
2026-04-01T16:44:48.814+07:00  INFO 87229 --- [api-gateway] [ctor-http-nio-9] c.f.a.security.GatewayLoggingFilter      : gateway_request method=GET path=/inventory-transactions status=200 OK durationMs=13
2026-04-01T17:14:51.341+07:00  INFO 87229 --- [api-gateway] [tor-http-nio-10] c.f.a.security.GatewayLoggingFilter      : gateway_request method=GET path=/reports/revenue status=500 INTERNAL_SERVER_ERROR durationMs=43
2026-04-01T17:14:51.353+07:00  INFO 87229 --- [api-gateway] [tor-http-nio-12] c.f.a.security.GatewayLoggingFilter      : gateway_request method=GET path=/reports status=500 INTERNAL_SERVER_ERROR durationMs=10
2026-04-01T17:14:51.360+07:00  INFO 87229 --- [api-gateway] [     parallel-5] c.f.a.security.GatewayLoggingFilter      : gateway_request method=GET path=/report-exports status=404 NOT_FOUND durationMs=6
2026-04-01T17:14:51.363+07:00  INFO 87229 --- [api-gateway] [     parallel-6] c.f.a.security.GatewayLoggingFilter      : gateway_request method=GET path=/export-jobs status=404 NOT_FOUND durationMs=2
2026-04-01T17:14:51.388+07:00  INFO 87229 --- [api-gateway] [ctor-http-nio-4] c.f.a.security.GatewayLoggingFilter      : gateway_request method=GET path=/pos-sessions status=200 OK durationMs=23
2026-04-01T17:15:06.667+07:00  INFO 87229 --- [api-gateway] [ctor-http-nio-6] c.f.a.security.GatewayLoggingFilter      : gateway_request method=GET path=/sale-orders status=200 OK durationMs=9
2026-04-01T17:15:06.670+07:00  INFO 87229 --- [api-gateway] [     parallel-9] c.f.a.security.GatewayLoggingFilter      : gateway_request method=GET path=/export-jobs status=404 NOT_FOUND durationMs=1
2026-04-01T17:15:06.679+07:00  INFO 87229 --- [api-gateway] [ctor-http-nio-8] c.f.a.security.GatewayLoggingFilter      : gateway_request method=GET path=/reports/export-jobs status=500 INTERNAL_SERVER_ERROR durationMs=8
2026-04-01T17:22:21.696+07:00  INFO 87229 --- [api-gateway] [tor-http-nio-10] c.f.a.security.GatewayLoggingFilter      : gateway_request method=GET path=/pos-sessions status=200 OK durationMs=50
2026-04-01T17:22:31.618+07:00  INFO 87229 --- [api-gateway] [tor-http-nio-12] c.f.a.security.GatewayLoggingFilter      : gateway_request method=GET path=/pos-sessions status=200 OK durationMs=8
2026-04-01T17:22:31.647+07:00  INFO 87229 --- [api-gateway] [ctor-http-nio-1] c.f.a.security.GatewayLoggingFilter      : gateway_request method=GET path=/inventory-transactions status=200 OK durationMs=28
2026-04-01T17:38:10.292+07:00  INFO 87229 --- [api-gateway] [undedElastic-84] c.f.a.security.GatewayLoggingFilter      : gateway_request method=GET path=/pos-sessions status=401 UNAUTHORIZED durationMs=95
2026-04-01T17:38:10.300+07:00  INFO 87229 --- [api-gateway] [undedElastic-82] c.f.a.security.GatewayLoggingFilter      : gateway_request method=GET path=/sale-orders/14 status=401 UNAUTHORIZED durationMs=103
2026-04-01T17:38:10.300+07:00  INFO 87229 --- [api-gateway] [undedElastic-83] c.f.a.security.GatewayLoggingFilter      : gateway_request method=GET path=/sale-orders/13 status=401 UNAUTHORIZED durationMs=103
2026-04-01T17:38:10.332+07:00  INFO 87229 --- [api-gateway] [undedElastic-85] c.f.a.security.GatewayLoggingFilter      : gateway_request method=GET path=/sale-orders/14 status=401 UNAUTHORIZED durationMs=11
2026-04-01T17:38:10.494+07:00  INFO 87229 --- [api-gateway] [ctor-http-nio-3] c.f.a.security.GatewayLoggingFilter      : gateway_request method=POST path=/auth/refresh status=200 OK durationMs=144
2026-04-01T17:38:10.494+07:00  INFO 87229 --- [api-gateway] [ctor-http-nio-5] c.f.a.security.GatewayLoggingFilter      : gateway_request method=POST path=/auth/refresh status=200 OK durationMs=158
2026-04-01T17:38:10.494+07:00  INFO 87229 --- [api-gateway] [ctor-http-nio-6] c.f.a.security.GatewayLoggingFilter      : gateway_request method=POST path=/auth/refresh status=200 OK durationMs=151
2026-04-01T17:38:10.496+07:00  INFO 87229 --- [api-gateway] [ctor-http-nio-4] c.f.a.security.GatewayLoggingFilter      : gateway_request method=POST path=/auth/refresh status=200 OK durationMs=163
2026-04-01T17:38:10.584+07:00  INFO 87229 --- [api-gateway] [ctor-http-nio-3] c.f.a.security.GatewayLoggingFilter      : gateway_request method=GET path=/sale-orders/14 status=200 OK durationMs=68
2026-04-01T17:38:10.584+07:00  INFO 87229 --- [api-gateway] [ctor-http-nio-5] c.f.a.security.GatewayLoggingFilter      : gateway_request method=GET path=/sale-orders/13 status=200 OK durationMs=61
2026-04-01T17:38:10.587+07:00  INFO 87229 --- [api-gateway] [ctor-http-nio-4] c.f.a.security.GatewayLoggingFilter      : gateway_request method=GET path=/pos-sessions status=200 OK durationMs=70
2026-04-01T17:38:10.595+07:00  INFO 87229 --- [api-gateway] [ctor-http-nio-3] c.f.a.security.GatewayLoggingFilter      : gateway_request method=GET path=/sale-orders/14 status=200 OK durationMs=8
